data,categoria,canal_marketing,investimento_mkt,desconto_medio_pct,receita_vendas
2024-01-01,Beleza_Saude,TikTok_Ads,441.32,14.71,3137.03
2024-01-01,Esportes,TikTok_Ads,441.78,13.21,2483.09
2024-01-01,Casa_Decoracao,TikTok_Ads,284.39,9.19,2582.52
2024-01-01,Esportes,Organico,0.0,7.46,1574.81
2024-01-01,Esportes,Email_Marketing,204.96,10.87,2714.0
2024-01-01,Moda,TikTok_Ads,321.91,9.28,3490.88
2024-01-02,Esportes,Meta_Ads,552.22,21.26,4000.8
2024-01-02,Eletronicos,Meta_Ads,478.12,16.11,4129.77
2024-01-02,Moda,Google_Ads,841.77,2.2,3893.89
2024-01-02,Beleza_Saude,Meta_Ads,681.99,15.69,4280.28
2024-01-02,Eletronicos,Organico,0.0,10.49,2636.78
2024-01-02,Beleza_Saude,Meta_Ads,533.03,9.7,4132.45
2024-01-03,Eletronicos,Google_Ads,927.26,7.47,6656.09
2024-01-03,Esportes,Google_Ads,1060.73,13.06,5954.71
2024-01-03,Esportes,Google_Ads,620.73,11.44,4902.37
2024-01-03,Eletronicos,Email_Marketing,107.85,16.75,4860.86
2024-01-04,Casa_Decoracao,TikTok_Ads,172.53,16.11,2836.64
2024-01-04,Casa_Decoracao,Google_Ads,740.2,12.46,3199.94
2024-01-04,Eletronicos,Organico,0.0,13.79,4216.21
2024-01-04,Casa_Decoracao,Meta_Ads,565.78,7.96,3607.36
2024-01-04,Esportes,TikTok_Ads,614.43,13.64,3725.05
2024-01-05,Casa_Decoracao,Google_Ads,902.65,5.25,4129.24
2024-01-05,Moda,Google_Ads,825.4,5.75,6348.45
2024-01-05,Beleza_Saude,TikTok_Ads,480.83,7.47,2947.62
2024-01-05,Eletronicos,Google_Ads,703.38,9.15,3822.43
2024-01-05,Eletronicos,Email_Marketing,197.39,11.92,4028.15
2024-01-06,Moda,Google_Ads,711.65,11.58,5594.25
2024-01-06,Casa_Decoracao,TikTok_Ads,321.69,13.69,4203.8
2024-01-06,Eletronicos,Google_Ads,1193.01,2.3,6048.41
2024-01-06,Esportes,Meta_Ads,677.41,5.39,3648.38
2024-01-06,Eletronicos,Meta_Ads,627.69,19.01,5592.98
2024-01-07,Eletronicos,Email_Marketing,158.14,4.25,3789.74
2024-01-07,Eletronicos,Email_Marketing,110.16,14.37,3291.68
2024-01-07,Beleza_Saude,TikTok_Ads,693.74,8.08,3840.61
2024-01-07,Casa_Decoracao,Email_Marketing,180.51,5.85,2758.4
2024-01-07,Esportes,TikTok_Ads,663.39,3.96,4088.67
2024-01-07,Casa_Decoracao,Meta_Ads,692.23,15.91,3657.48
2024-01-08,Beleza_Saude,Email_Marketing,100.48,7.07,1815.91
2024-01-08,Eletronicos,TikTok_Ads,140.07,7.98,3774.11
2024-01-08,Beleza_Saude,Google_Ads,723.34,9.69,3470.59
2024-01-08,Casa_Decoracao,TikTok_Ads,608.4,16.79,4503.69
2024-01-08,Eletronicos,Google_Ads,422.69,23.37,5179.94
2024-01-08,Beleza_Saude,Organico,0.0,4.51,1830.14
2024-01-09,Casa_Decoracao,Organico,0.0,11.94,2248.67
2024-01-09,Moda,Email_Marketing,172.76,10.26,3252.91
2024-01-09,Esportes,Organico,0.0,13.68,2085.22
2024-01-09,Eletronicos,TikTok_Ads,472.82,9.62,4415.23
2024-01-09,Beleza_Saude,Email_Marketing,119.49,0.41,2059.49
2024-01-09,Eletronicos,TikTok_Ads,637.04,10.32,5911.71
2024-01-10,Moda,Google_Ads,583.96,13.52,4527.63
2024-01-10,Casa_Decoracao,Google_Ads,804.79,16.36,5919.37
2024-01-10,Moda,TikTok_Ads,500.91,18.65,4832.77
2024-01-10,Moda,Organico,0.0,12.88,2044.93
2024-01-10,Moda,Meta_Ads,406.13,12.83,3288.41
2024-01-10,Eletronicos,Meta_Ads,643.56,9.33,3942.25
2024-01-11,Moda,Email_Marketing,163.4,14.75,2450.13
2024-01-11,Eletronicos,Organico,0.0,21.22,4328.16
2024-01-11,Beleza_Saude,Google_Ads,965.75,12.08,5326.88
2024-01-11,Moda,Organico,0.0,8.86,2255.81
2024-01-11,Casa_Decoracao,Email_Marketing,87.41,8.14,3013.54
2024-01-12,Moda,Organico,0.0,9.58,2888.1
2024-01-12,Eletronicos,Google_Ads,658.47,14.22,6234.51
2024-01-12,Moda,Organico,0.0,11.7,1261.99
2024-01-12,Eletronicos,Organico,0.0,10.74,2757.82
2024-01-12,Esportes,Organico,0.0,4.85,1838.23
2024-01-13,Moda,Organico,0.0,15.04,2889.61
2024-01-13,Moda,Email_Marketing,111.21,13.02,3035.35
2024-01-13,Casa_Decoracao,Meta_Ads,725.9,17.69,4956.54
2024-01-13,Moda,Google_Ads,571.01,14.96,3775.66
2024-01-13,Eletronicos,Email_Marketing,123.77,9.91,3704.14
2024-01-13,Esportes,TikTok_Ads,307.03,17.58,2582.59
2024-01-14,Moda,Meta_Ads,905.14,13.81,5872.05
2024-01-14,Moda,Organico,0.0,16.38,2729.21
2024-01-14,Casa_Decoracao,Meta_Ads,534.6,3.06,3020.25
2024-01-14,Eletronicos,Organico,0.0,17.81,4349.91
2024-01-14,Beleza_Saude,TikTok_Ads,445.06,9.96,3424.16
2024-01-15,Eletronicos,TikTok_Ads,466.12,8.93,6201.86
2024-01-15,Beleza_Saude,TikTok_Ads,633.15,3.04,3485.2
2024-01-15,Eletronicos,Google_Ads,1040.98,6.02,7264.02
2024-01-15,Esportes,Email_Marketing,175.01,8.5,2553.94
2024-01-16,Moda,Meta_Ads,659.03,12.3,3583.02
2024-01-16,Esportes,Email_Marketing,135.62,16.43,2455.1
2024-01-16,Casa_Decoracao,Google_Ads,808.87,6.12,4917.69
2024-01-16,Esportes,Meta_Ads,412.46,13.45,3297.65
2024-01-16,Casa_Decoracao,Meta_Ads,366.72,17.35,3371.9
2024-01-16,Casa_Decoracao,Email_Marketing,219.78,19.39,2610.55
2024-01-17,Moda,Meta_Ads,755.23,14.68,5564.65
2024-01-17,Casa_Decoracao,Email_Marketing,192.5,9.3,2170.95
2024-01-17,Casa_Decoracao,Meta_Ads,512.37,11.77,2348.23
2024-01-17,Esportes,Email_Marketing,192.85,2.52,2750.57
2024-01-17,Esportes,Email_Marketing,143.7,13.43,2349.51
2024-01-18,Eletronicos,TikTok_Ads,527.15,7.8,4530.78
2024-01-18,Eletronicos,Email_Marketing,70.35,9.37,3179.25
2024-01-18,Eletronicos,Meta_Ads,674.44,13.71,7203.11
2024-01-18,Esportes,Email_Marketing,185.64,9.12,2249.26
2024-01-18,Casa_Decoracao,Email_Marketing,168.45,5.4,3344.15
2024-01-18,Eletronicos,Organico,0.0,9.65,2505.6
2024-01-19,Casa_Decoracao,Meta_Ads,870.0,12.03,4997.19
2024-01-19,Casa_Decoracao,Google_Ads,709.99,15.11,3803.51
2024-01-19,Eletronicos,TikTok_Ads,482.2,12.6,5355.15
2024-01-19,Esportes,Google_Ads,942.32,6.38,3769.61
2024-01-19,Eletronicos,Organico,0.0,13.66,3061.57
2024-01-20,Casa_Decoracao,Email_Marketing,174.2,18.84,2435.34
2024-01-20,Casa_Decoracao,Organico,0.0,17.29,1657.64
2024-01-20,Moda,TikTok_Ads,352.09,1.8,3242.12
2024-01-20,Beleza_Saude,Google_Ads,943.51,19.51,5186.53
2024-01-20,Eletronicos,Google_Ads,1125.72,5.1,5015.29
2024-01-21,Moda,TikTok_Ads,493.06,1.13,4941.68
2024-01-21,Esportes,TikTok_Ads,279.48,19.5,2647.52
2024-01-21,Moda,TikTok_Ads,570.13,8.24,5239.95
2024-01-21,Esportes,TikTok_Ads,505.46,17.37,3815.29
2024-01-22,Casa_Decoracao,Organico,0.0,9.23,1766.14
2024-01-22,Esportes,Organico,0.0,12.18,1836.82
2024-01-22,Esportes,Google_Ads,842.8,11.44,4566.6
2024-01-22,Moda,Organico,0.0,15.79,2312.47
2024-01-22,Beleza_Saude,Google_Ads,684.84,10.62,2662.1
2024-01-22,Moda,Email_Marketing,93.18,18.83,3569.29
2024-01-23,Casa_Decoracao,Organico,0.0,7.95,1847.29
2024-01-23,Casa_Decoracao,Meta_Ads,619.63,11.76,3495.61
2024-01-23,Casa_Decoracao,Meta_Ads,543.66,8.13,3634.06
2024-01-23,Casa_Decoracao,TikTok_Ads,527.28,16.55,4595.03
2024-01-23,Beleza_Saude,TikTok_Ads,581.7,7.63,3674.7
2024-01-24,Moda,Organico,0.0,12.64,2335.16
2024-01-24,Eletronicos,Email_Marketing,141.06,9.71,3458.84
2024-01-24,Beleza_Saude,Meta_Ads,587.94,9.93,3279.32
2024-01-24,Casa_Decoracao,Meta_Ads,561.41,0.0,4091.22
2024-01-24,Moda,TikTok_Ads,548.78,11.58,4349.94
2024-01-24,Eletronicos,TikTok_Ads,534.2,8.38,4616.12
2024-01-25,Eletronicos,Email_Marketing,88.97,12.24,3850.08
2024-01-25,Moda,Organico,0.0,15.19,1880.09
2024-01-25,Casa_Decoracao,Meta_Ads,639.26,5.94,3683.25
2024-01-25,Moda,Email_Marketing,151.78,7.7,2707.65
2024-01-25,Casa_Decoracao,TikTok_Ads,625.79,9.12,4630.96
2024-01-25,Esportes,Email_Marketing,107.64,14.65,2954.19
2024-01-26,Casa_Decoracao,Meta_Ads,729.31,19.9,4627.63
2024-01-26,Eletronicos,Organico,0.0,9.03,3656.68
2024-01-26,Esportes,TikTok_Ads,460.19,10.4,3770.65
2024-01-26,Beleza_Saude,Google_Ads,1006.98,0.96,5068.51
2024-01-26,Beleza_Saude,Meta_Ads,606.09,16.74,3800.33
2024-01-27,Casa_Decoracao,Google_Ads,1060.21,0.55,6331.2
2024-01-27,Esportes,Google_Ads,1042.94,7.6,4550.16
2024-01-27,Eletronicos,Meta_Ads,733.3,11.94,6663.56
2024-01-27,Eletronicos,Organico,0.0,19.92,4087.62
2024-01-27,Eletronicos,TikTok_Ads,590.1,10.24,4911.99
2024-01-28,Moda,Organico,0.0,26.88,3230.53
2024-01-28,Esportes,Email_Marketing,132.24,12.14,2423.7
2024-01-28,Casa_Decoracao,Organico,0.0,14.59,2611.86
2024-01-28,Moda,Email_Marketing,163.43,11.44,3117.64
2024-01-28,Eletronicos,Organico,0.0,4.74,3678.24
2024-01-29,Esportes,TikTok_Ads,312.35,18.02,3466.72
2024-01-29,Moda,Email_Marketing,126.38,11.08,2707.89
2024-01-29,Eletronicos,Email_Marketing,132.36,9.99,3551.55
2024-01-29,Eletronicos,Email_Marketing,132.25,16.76,3317.57
2024-01-29,Beleza_Saude,Email_Marketing,122.64,4.08,2670.18
2024-01-30,Eletronicos,Organico,0.0,0.4,3084.91
2024-01-30,Moda,Meta_Ads,752.07,18.35,4413.74
2024-01-30,Beleza_Saude,Google_Ads,499.45,10.7,2893.17
2024-01-30,Eletronicos,TikTok_Ads,481.37,11.97,3971.55
2024-01-31,Esportes,Meta_Ads,606.31,6.47,5350.62
2024-01-31,Eletronicos,Email_Marketing,152.22,12.07,3889.86
2024-01-31,Eletronicos,Meta_Ads,682.19,11.28,5090.74
2024-01-31,Esportes,Organico,0.0,11.84,1881.35
2024-01-31,Casa_Decoracao,Google_Ads,657.43,12.53,4132.0
2024-02-01,Beleza_Saude,Google_Ads,1100.8,12.32,6209.4
2024-02-01,Eletronicos,Organico,0.0,1.13,2838.18
2024-02-01,Moda,TikTok_Ads,422.0,24.86,4171.15
2024-02-01,Casa_Decoracao,Meta_Ads,782.04,2.6,4529.87
2024-02-01,Beleza_Saude,Meta_Ads,808.97,16.31,5032.21
2024-02-02,Casa_Decoracao,Meta_Ads,872.2,16.79,5275.65
2024-02-02,Beleza_Saude,Meta_Ads,771.55,17.03,4154.87
2024-02-02,Beleza_Saude,Google_Ads,734.13,11.52,3940.62
2024-02-02,Esportes,Organico,0.0,8.86,2392.37
2024-02-02,Esportes,TikTok_Ads,454.13,14.36,3633.24
2024-02-03,Eletronicos,Organico,0.0,5.56,3343.6
2024-02-03,Moda,Google_Ads,474.08,14.76,5246.96
2024-02-03,Casa_Decoracao,Google_Ads,943.52,9.65,5533.03
2024-02-03,Eletronicos,TikTok_Ads,702.57,19.85,5017.01
2024-02-03,Eletronicos,Email_Marketing,169.14,11.21,4415.47
2024-02-03,Moda,Meta_Ads,712.34,0.15,4187.57
2024-02-04,Moda,Google_Ads,839.71,13.49,3844.71
2024-02-04,Esportes,TikTok_Ads,535.44,10.6,3937.82
2024-02-04,Esportes,TikTok_Ads,368.9,1.4,2875.56
2024-02-04,Casa_Decoracao,Meta_Ads,480.04,3.1,3939.51
2024-02-04,Casa_Decoracao,Organico,0.0,8.02,2113.81
2024-02-04,Beleza_Saude,Google_Ads,738.44,8.71,4607.0
2024-02-05,Beleza_Saude,Organico,0.0,18.77,2292.52
2024-02-05,Casa_Decoracao,Google_Ads,828.99,10.09,4853.16
2024-02-05,Esportes,Meta_Ads,563.16,2.24,3483.63
2024-02-05,Eletronicos,Google_Ads,871.51,9.06,5918.33
2024-02-06,Esportes,Meta_Ads,624.97,13.11,3776.32
2024-02-06,Moda,Google_Ads,1051.15,7.53,5508.2
2024-02-06,Beleza_Saude,TikTok_Ads,445.03,19.23,3570.02
2024-02-06,Casa_Decoracao,Email_Marketing,188.69,4.57,2779.79
2024-02-06,Moda,Email_Marketing,183.36,12.41,3539.81
2024-02-06,Casa_Decoracao,Organico,0.0,19.05,3056.99
2024-02-07,Eletronicos,Google_Ads,727.43,2.33,4443.69
2024-02-07,Moda,TikTok_Ads,366.18,15.41,3605.45
2024-02-07,Eletronicos,Organico,0.0,23.55,3275.59
2024-02-07,Beleza_Saude,Meta_Ads,839.65,20.11,3669.35
2024-02-07,Esportes,Email_Marketing,152.77,9.41,2276.02
2024-02-07,Eletronicos,Meta_Ads,740.25,8.89,5254.74
2024-02-08,Eletronicos,Organico,0.0,7.84,3573.4
2024-02-08,Eletronicos,TikTok_Ads,430.97,15.16,5024.75
2024-02-08,Casa_Decoracao,Meta_Ads,403.69,19.74,4601.25
2024-02-08,Beleza_Saude,TikTok_Ads,423.4,10.06,3366.85
2024-02-08,Moda,Meta_Ads,704.35,15.29,6238.61
2024-02-08,Eletronicos,Meta_Ads,621.25,8.01,4185.74
2024-02-09,Moda,Organico,0.0,11.92,2897.47
2024-02-09,Moda,Email_Marketing,244.76,9.35,2958.29
2024-02-09,Esportes,Organico,0.0,15.41,2668.08
2024-02-09,Beleza_Saude,Organico,0.0,10.2,2062.11
2024-02-10,Casa_Decoracao,TikTok_Ads,638.59,17.04,5340.41
2024-02-10,Casa_Decoracao,Organico,0.0,14.4,2093.18
2024-02-10,Eletronicos,Google_Ads,633.29,8.55,5727.62
2024-02-10,Esportes,Organico,0.0,14.0,2002.98
2024-02-11,Casa_Decoracao,Meta_Ads,650.55,10.05,3791.12
2024-02-11,Eletronicos,Email_Marketing,148.26,10.35,3650.92
2024-02-11,Eletronicos,Organico,0.0,14.79,3103.87
2024-02-11,Eletronicos,TikTok_Ads,430.56,14.46,5213.28
2024-02-12,Moda,Meta_Ads,551.89,9.21,4389.36
2024-02-12,Eletronicos,Meta_Ads,904.4,11.67,5765.9
2024-02-12,Moda,Organico,0.0,4.76,1581.99
2024-02-12,Casa_Decoracao,Email_Marketing,166.5,9.49,2269.21
2024-02-13,Beleza_Saude,Email_Marketing,176.56,5.86,2987.1
2024-02-13,Casa_Decoracao,Email_Marketing,183.67,10.97,2462.67
2024-02-13,Casa_Decoracao,Organico,0.0,12.37,2116.01
2024-02-13,Casa_Decoracao,Organico,0.0,10.29,2330.12
2024-02-13,Eletronicos,Organico,0.0,13.35,3323.98
2024-02-14,Casa_Decoracao,Organico,0.0,19.51,2403.68
2024-02-14,Moda,Email_Marketing,90.76,9.13,2517.07
2024-02-14,Beleza_Saude,Organico,0.0,17.77,1544.69
2024-02-14,Casa_Decoracao,Email_Marketing,223.7,21.81,2882.9
2024-02-15,Casa_Decoracao,Google_Ads,832.55,7.44,4708.57
2024-02-15,Esportes,TikTok_Ads,452.1,8.95,2842.18
2024-02-15,Eletronicos,TikTok_Ads,507.81,8.1,4578.37
2024-02-15,Eletronicos,Google_Ads,1015.02,15.16,5777.62
2024-02-15,Beleza_Saude,Google_Ads,870.38,12.66,5908.18
2024-02-16,Eletronicos,TikTok_Ads,672.89,9.1,5452.95
2024-02-16,Moda,TikTok_Ads,472.26,5.93,4205.3
2024-02-16,Beleza_Saude,Email_Marketing,208.78,10.51,3387.95
2024-02-16,Moda,Email_Marketing,91.59,17.27,3544.0
2024-02-16,Beleza_Saude,Meta_Ads,616.85,11.07,4464.4
2024-02-16,Beleza_Saude,Meta_Ads,732.22,2.01,3503.79
2024-02-17,Casa_Decoracao,Organico,0.0,16.37,2498.49
2024-02-17,Esportes,Meta_Ads,1154.54,13.74,8039.73
2024-02-17,Esportes,Organico,0.0,11.59,1930.95
2024-02-17,Eletronicos,Email_Marketing,206.61,20.2,4646.6
2024-02-17,Beleza_Saude,Organico,0.0,5.61,1416.47
2024-02-17,Eletronicos,Email_Marketing,196.74,11.37,4483.04
2024-02-18,Moda,Organico,0.0,8.57,2512.75
2024-02-18,Beleza_Saude,Google_Ads,534.98,17.37,4313.94
2024-02-18,Moda,Email_Marketing,138.93,12.08,2863.83
2024-02-18,Esportes,Organico,0.0,19.73,1892.84
2024-02-18,Esportes,Google_Ads,647.97,11.25,4711.55
2024-02-19,Esportes,Organico,0.0,5.48,2391.51
2024-02-19,Moda,Email_Marketing,89.79,14.52,1885.44
2024-02-19,Beleza_Saude,TikTok_Ads,588.4,16.85,4532.26
2024-02-19,Eletronicos,Email_Marketing,143.95,19.92,5449.19
2024-02-19,Eletronicos,Google_Ads,735.68,9.74,5817.81
2024-02-20,Esportes,TikTok_Ads,440.29,12.7,3703.24
2024-02-20,Esportes,Email_Marketing,144.99,17.43,1773.08
2024-02-20,Casa_Decoracao,Meta_Ads,1127.38,7.64,5982.72
2024-02-20,Esportes,Email_Marketing,114.81,15.22,2561.96
2024-02-20,Eletronicos,Organico,0.0,17.37,3433.05
2024-02-20,Eletronicos,Meta_Ads,738.92,7.41,5599.32
2024-02-21,Moda,Google_Ads,1200.68,15.19,5304.27
2024-02-21,Eletronicos,Email_Marketing,211.25,6.27,4139.24
2024-02-21,Beleza_Saude,Google_Ads,649.14,11.68,4172.73
2024-02-21,Casa_Decoracao,Google_Ads,864.27,14.11,6212.25
2024-02-22,Esportes,Organico,0.0,4.65,1700.76
2024-02-22,Beleza_Saude,Google_Ads,531.89,17.82,4475.64
2024-02-22,Casa_Decoracao,TikTok_Ads,698.3,1.9,4833.69
2024-02-22,Moda,Organico,0.0,17.56,1718.21
2024-02-22,Moda,TikTok_Ads,721.04,12.21,4599.21
2024-02-23,Moda,Meta_Ads,462.03,4.34,4581.29
2024-02-23,Moda,Meta_Ads,353.59,23.64,4237.41
2024-02-23,Eletronicos,Email_Marketing,175.5,14.88,3887.59
2024-02-23,Casa_Decoracao,Organico,0.0,11.06,2355.79
2024-02-23,Esportes,Organico,0.0,7.25,1735.07
2024-02-24,Esportes,Meta_Ads,490.06,6.71,3539.26
2024-02-24,Beleza_Saude,Google_Ads,865.86,13.97,4314.5
2024-02-24,Casa_Decoracao,Organico,0.0,9.17,2322.75
2024-02-24,Moda,Email_Marketing,144.61,15.98,3200.2
2024-02-24,Beleza_Saude,Meta_Ads,280.0,13.24,3779.89
2024-02-24,Moda,Google_Ads,1065.05,14.11,4984.37
2024-02-25,Esportes,TikTok_Ads,559.69,15.46,4177.84
2024-02-25,Moda,Organico,0.0,14.85,2286.61
2024-02-25,Eletronicos,Email_Marketing,166.21,6.29,3677.44
2024-02-25,Moda,Meta_Ads,731.7,10.2,6502.22
2024-02-26,Esportes,Google_Ads,421.56,7.98,4134.16
2024-02-26,Casa_Decoracao,Organico,0.0,9.23,2336.75
2024-02-26,Beleza_Saude,Organico,0.0,10.1,1835.4
2024-02-26,Casa_Decoracao,Google_Ads,683.66,6.93,3829.95
2024-02-26,Moda,Google_Ads,555.21,12.17,3745.84
2024-02-27,Beleza_Saude,Meta_Ads,849.5,5.95,5586.76
2024-02-27,Esportes,TikTok_Ads,552.38,8.47,3705.38
2024-02-27,Beleza_Saude,Email_Marketing,170.94,12.38,2663.02
2024-02-27,Casa_Decoracao,Organico,0.0,12.85,1731.3
2024-02-27,Esportes,Meta_Ads,631.93,7.48,3525.49
2024-02-28,Esportes,Google_Ads,1047.22,12.78,7415.65
2024-02-28,Beleza_Saude,Google_Ads,741.84,9.96,3496.5
2024-02-28,Casa_Decoracao,Organico,0.0,5.9,1884.5
2024-02-28,Esportes,Email_Marketing,199.13,12.2,2766.16
2024-02-28,Beleza_Saude,Meta_Ads,634.36,13.83,4813.23
2024-02-28,Beleza_Saude,Google_Ads,401.21,18.09,2056.26
2024-02-29,Moda,Email_Marketing,151.06,9.83,2669.2
2024-02-29,Esportes,Google_Ads,817.46,14.73,4815.91
2024-02-29,Casa_Decoracao,Organico,0.0,2.15,1998.72
2024-02-29,Moda,TikTok_Ads,372.07,13.51,3835.92
2024-02-29,Casa_Decoracao,Meta_Ads,631.21,14.55,4897.51
2024-03-01,Esportes,Organico,0.0,9.71,1789.42
2024-03-01,Moda,Email_Marketing,197.12,17.72,2616.45
2024-03-01,Beleza_Saude,Email_Marketing,128.9,8.99,3350.04
2024-03-01,Eletronicos,Email_Marketing,146.28,4.52,4956.79
2024-03-01,Beleza_Saude,Organico,0.0,10.7,1976.76
2024-03-02,Beleza_Saude,Email_Marketing,128.98,16.75,2987.04
2024-03-02,Beleza_Saude,Email_Marketing,182.89,15.37,3762.45
2024-03-02,Eletronicos,Organico,0.0,13.9,2738.02
2024-03-02,Esportes,Email_Marketing,100.61,11.63,2958.28
2024-03-03,Moda,Organico,0.0,6.03,3012.86
2024-03-03,Casa_Decoracao,Google_Ads,522.41,8.19,4429.46
2024-03-03,Esportes,Organico,0.0,8.57,2203.04
2024-03-03,Esportes,Organico,0.0,5.81,2483.07
2024-03-03,Moda,Meta_Ads,845.96,10.46,6942.35
2024-03-03,Moda,Meta_Ads,697.36,8.35,5238.04
2024-03-04,Moda,Meta_Ads,588.29,17.05,5143.28
2024-03-04,Beleza_Saude,TikTok_Ads,424.46,11.62,4464.5
2024-03-04,Esportes,Google_Ads,915.07,0.0,5604.7
2024-03-04,Beleza_Saude,Google_Ads,847.15,11.91,4929.65
2024-03-04,Casa_Decoracao,Email_Marketing,194.79,18.22,2288.9
2024-03-05,Moda,Meta_Ads,865.83,14.78,6665.24
2024-03-05,Beleza_Saude,Meta_Ads,1001.81,8.78,6723.15
2024-03-05,Eletronicos,TikTok_Ads,507.13,13.34,7335.37
2024-03-05,Eletronicos,Google_Ads,901.57,14.69,8723.05
2024-03-05,Eletronicos,Email_Marketing,136.31,7.8,3731.53
2024-03-06,Eletronicos,Email_Marketing,76.26,5.94,4868.57
2024-03-06,Moda,TikTok_Ads,456.25,14.75,6170.68
2024-03-06,Beleza_Saude,Google_Ads,937.74,13.86,7228.1
2024-03-06,Beleza_Saude,Organico,0.0,8.0,2298.07
2024-03-06,Esportes,TikTok_Ads,285.31,9.3,3591.43
2024-03-07,Beleza_Saude,Email_Marketing,159.03,25.01,3314.39
2024-03-07,Casa_Decoracao,Organico,0.0,15.77,2777.24
2024-03-07,Moda,TikTok_Ads,661.22,15.37,5362.82
2024-03-07,Casa_Decoracao,Organico,0.0,10.95,2231.44
2024-03-08,Moda,TikTok_Ads,704.87,25.13,6151.95
2024-03-08,Casa_Decoracao,TikTok_Ads,529.55,16.13,5223.5
2024-03-08,Eletronicos,Meta_Ads,833.03,15.92,7186.15
2024-03-08,Moda,Google_Ads,1044.4,6.64,6614.54
2024-03-08,Esportes,Organico,0.0,5.75,2091.07
2024-03-09,Esportes,Email_Marketing,175.19,9.24,4181.51
2024-03-09,Esportes,Google_Ads,687.15,12.92,6176.24
2024-03-09,Esportes,Organico,0.0,22.31,3013.56
2024-03-09,Moda,Email_Marketing,188.4,14.96,4088.44
2024-03-09,Beleza_Saude,Google_Ads,689.76,7.91,4725.99
2024-03-10,Esportes,TikTok_Ads,489.66,11.39,5196.11
2024-03-10,Beleza_Saude,Organico,0.0,6.88,2794.82
2024-03-10,Moda,Email_Marketing,195.79,14.91,3562.82
2024-03-10,Esportes,Google_Ads,608.11,10.14,5403.29
2024-03-10,Beleza_Saude,Google_Ads,1176.92,19.72,6444.94
2024-03-11,Casa_Decoracao,Google_Ads,576.08,9.08,3748.21
2024-03-11,Esportes,TikTok_Ads,324.97,0.0,3739.97
2024-03-11,Casa_Decoracao,Organico,0.0,16.55,3203.39
2024-03-11,Eletronicos,TikTok_Ads,512.49,12.73,5551.53
2024-03-11,Esportes,Organico,0.0,15.64,2396.8
2024-03-12,Beleza_Saude,Email_Marketing,184.26,7.98,3520.44
2024-03-12,Esportes,TikTok_Ads,466.11,11.89,3692.28
2024-03-12,Beleza_Saude,Email_Marketing,59.09,16.42,2814.17
2024-03-12,Moda,Meta_Ads,604.28,12.33,5571.57
2024-03-13,Esportes,Meta_Ads,559.44,6.68,4578.29
2024-03-13,Moda,Organico,0.0,7.88,2758.09
2024-03-13,Moda,Meta_Ads,726.37,21.57,6819.73
2024-03-13,Beleza_Saude,Organico,0.0,13.2,2752.16
2024-03-13,Eletronicos,TikTok_Ads,332.77,14.76,5159.96
2024-03-13,Esportes,Meta_Ads,836.92,14.02,4870.39
2024-03-14,Moda,Organico,0.0,11.71,2617.22
2024-03-14,Moda,Email_Marketing,172.59,8.45,3205.88
2024-03-14,Moda,Email_Marketing,193.57,8.16,2774.32
2024-03-14,Casa_Decoracao,TikTok_Ads,511.87,10.2,4789.24
2024-03-15,Moda,Meta_Ads,620.67,27.97,5944.88
2024-03-15,Beleza_Saude,Google_Ads,649.64,9.87,5430.78
2024-03-15,Moda,TikTok_Ads,514.16,4.81,5267.69
2024-03-15,Eletronicos,Email_Marketing,124.94,21.37,5489.45
2024-03-16,Eletronicos,Meta_Ads,654.44,5.58,5843.6
2024-03-16,Moda,TikTok_Ads,511.21,18.78,4399.75
2024-03-16,Moda,Organico,0.0,16.72,2587.94
2024-03-16,Beleza_Saude,TikTok_Ads,642.8,11.95,4873.76
2024-03-16,Beleza_Saude,TikTok_Ads,545.94,8.92,4472.54
2024-03-16,Beleza_Saude,Meta_Ads,524.49,9.49,4508.41
2024-03-17,Esportes,Google_Ads,739.27,2.22,4780.36
2024-03-17,Casa_Decoracao,Email_Marketing,198.97,11.54,2198.4
2024-03-17,Esportes,Meta_Ads,569.02,16.96,5055.88
2024-03-17,Beleza_Saude,TikTok_Ads,395.01,9.17,3447.88
2024-03-17,Esportes,Email_Marketing,125.15,1.85,3029.18
2024-03-18,Eletronicos,TikTok_Ads,657.13,17.97,5575.0
2024-03-18,Esportes,Google_Ads,719.59,14.62,4790.72
2024-03-18,Beleza_Saude,Email_Marketing,179.16,18.88,3497.07
2024-03-18,Casa_Decoracao,Organico,0.0,12.63,2980.25
2024-03-18,Casa_Decoracao,Meta_Ads,436.03,15.62,4723.92
2024-03-19,Moda,TikTok_Ads,286.89,0.62,3796.32
2024-03-19,Casa_Decoracao,TikTok_Ads,637.57,13.26,4952.54
2024-03-19,Eletronicos,TikTok_Ads,476.56,7.29,5466.65
2024-03-19,Casa_Decoracao,Meta_Ads,718.52,9.82,5790.5
2024-03-20,Casa_Decoracao,Organico,0.0,22.46,2567.99
2024-03-20,Moda,Google_Ads,743.6,11.4,5479.52
2024-03-20,Casa_Decoracao,TikTok_Ads,510.73,9.1,4965.98
2024-03-20,Eletronicos,Email_Marketing,129.27,15.28,5638.98
2024-03-20,Beleza_Saude,Google_Ads,728.58,15.97,5523.04
2024-03-20,Beleza_Saude,Email_Marketing,234.48,9.48,3454.88
2024-03-21,Casa_Decoracao,Organico,0.0,12.14,2374.77
2024-03-21,Moda,TikTok_Ads,530.13,11.62,5513.05
2024-03-21,Esportes,Email_Marketing,135.43,7.58,2698.74
2024-03-21,Esportes,Google_Ads,728.98,11.61,5624.82
2024-03-21,Esportes,Organico,0.0,18.0,2189.52
2024-03-21,Beleza_Saude,Organico,0.0,15.64,2064.72
2024-03-22,Beleza_Saude,Google_Ads,760.94,13.52,3217.22
2024-03-22,Moda,Meta_Ads,400.84,23.48,4325.31
2024-03-22,Moda,Google_Ads,296.51,4.75,5277.0
2024-03-22,Casa_Decoracao,Organico,0.0,17.8,2704.51
2024-03-22,Eletronicos,Email_Marketing,131.81,15.88,2962.85
2024-03-22,Eletronicos,Meta_Ads,415.82,9.54,4394.7
2024-03-23,Eletronicos,Google_Ads,787.19,9.05,8381.46
2024-03-23,Eletronicos,Organico,0.0,13.72,4526.79
2024-03-23,Esportes,TikTok_Ads,605.19,6.17,5244.73
2024-03-23,Eletronicos,TikTok_Ads,377.63,16.05,6006.57
2024-03-23,Eletronicos,Google_Ads,963.73,5.97,8029.1
2024-03-24,Casa_Decoracao,Google_Ads,1017.12,14.56,6316.95
2024-03-24,Beleza_Saude,Email_Marketing,195.99,17.79,3627.23
2024-03-24,Beleza_Saude,Meta_Ads,368.23,13.03,4069.76
2024-03-24,Eletronicos,TikTok_Ads,547.69,15.18,6237.29
2024-03-25,Eletronicos,Google_Ads,651.04,9.15,6949.59
2024-03-25,Eletronicos,Organico,0.0,11.3,3902.9
2024-03-25,Beleza_Saude,Meta_Ads,544.75,10.52,4951.88
2024-03-25,Casa_Decoracao,Organico,0.0,7.98,2613.81
2024-03-25,Casa_Decoracao,Organico,0.0,9.19,2027.67
2024-03-26,Beleza_Saude,Google_Ads,578.86,10.93,4193.34
2024-03-26,Beleza_Saude,Email_Marketing,179.24,18.55,3665.44
2024-03-26,Eletronicos,Email_Marketing,128.92,10.95,3346.74
2024-03-26,Casa_Decoracao,Google_Ads,638.83,16.82,6340.72
2024-03-26,Moda,Meta_Ads,449.42,9.04,4486.83
2024-03-26,Casa_Decoracao,Email_Marketing,160.51,7.95,3300.47
2024-03-27,Casa_Decoracao,Email_Marketing,108.82,10.19,2152.49
2024-03-27,Casa_Decoracao,Meta_Ads,592.31,11.53,4946.9
2024-03-27,Casa_Decoracao,TikTok_Ads,529.95,16.52,3596.49
2024-03-27,Esportes,TikTok_Ads,314.22,14.64,2529.57
2024-03-28,Eletronicos,Organico,0.0,9.66,3455.58
2024-03-28,Eletronicos,Organico,0.0,22.17,4303.14
2024-03-28,Esportes,TikTok_Ads,579.36,9.46,3678.58
2024-03-28,Moda,TikTok_Ads,520.78,13.62,4629.74
2024-03-29,Esportes,Meta_Ads,1079.71,4.49,6426.86
2024-03-29,Eletronicos,TikTok_Ads,558.46,17.43,6393.78
2024-03-29,Casa_Decoracao,Organico,0.0,10.04,2647.32
2024-03-29,Beleza_Saude,Organico,0.0,15.11,2163.38
2024-03-29,Moda,Email_Marketing,164.14,11.85,4099.81
2024-03-29,Eletronicos,Organico,0.0,3.13,4543.72
2024-03-30,Casa_Decoracao,TikTok_Ads,493.14,13.43,4806.91
2024-03-30,Eletronicos,Meta_Ads,754.85,14.78,7052.24
2024-03-30,Casa_Decoracao,Google_Ads,760.53,11.24,5245.37
2024-03-30,Casa_Decoracao,TikTok_Ads,641.72,14.97,2830.07
2024-03-30,Eletronicos,Organico,0.0,12.97,4030.56
2024-03-31,Casa_Decoracao,Organico,0.0,7.53,2251.06
2024-03-31,Casa_Decoracao,Email_Marketing,129.91,16.28,3375.69
2024-03-31,Moda,Meta_Ads,766.29,14.11,5317.59
2024-03-31,Moda,Google_Ads,939.42,17.91,7212.94
2024-04-01,Eletronicos,TikTok_Ads,556.21,13.95,6907.94
2024-04-01,Moda,Email_Marketing,144.88,3.91,3502.62
2024-04-01,Beleza_Saude,Organico,0.0,6.49,2390.03
2024-04-01,Casa_Decoracao,Organico,0.0,17.14,2333.57
2024-04-01,Casa_Decoracao,Meta_Ads,573.49,17.75,5081.33
2024-04-02,Eletronicos,TikTok_Ads,412.29,14.92,6233.17
2024-04-02,Esportes,Organico,0.0,18.5,2429.92
2024-04-02,Esportes,TikTok_Ads,756.52,16.09,3337.76
2024-04-02,Esportes,Google_Ads,1160.13,8.17,5592.81
2024-04-03,Beleza_Saude,Meta_Ads,548.24,12.08,4927.55
2024-04-03,Esportes,Meta_Ads,482.16,7.71,4815.21
2024-04-03,Casa_Decoracao,TikTok_Ads,465.88,8.11,4688.75
2024-04-03,Moda,Google_Ads,702.36,17.14,5122.3
2024-04-03,Beleza_Saude,Email_Marketing,144.02,16.72,2768.12
2024-04-03,Moda,Google_Ads,951.21,11.67,8369.21
2024-04-04,Beleza_Saude,Organico,0.0,7.85,2324.97
2024-04-04,Casa_Decoracao,Organico,0.0,23.21,2565.9
2024-04-04,Eletronicos,TikTok_Ads,196.85,11.85,4702.47
2024-04-04,Moda,Organico,0.0,13.44,2552.8
2024-04-05,Beleza_Saude,Organico,0.0,15.15,2685.84
2024-04-05,Eletronicos,Organico,0.0,15.36,3994.69
2024-04-05,Beleza_Saude,Email_Marketing,163.96,9.06,2674.01
2024-04-05,Eletronicos,Meta_Ads,969.26,7.96,7656.73
2024-04-05,Esportes,Google_Ads,822.69,10.45,5871.52
2024-04-05,Moda,Google_Ads,917.94,7.37,6268.17
2024-04-06,Esportes,Meta_Ads,608.58,14.22,5193.65
2024-04-06,Esportes,TikTok_Ads,545.92,11.45,4120.79
2024-04-06,Moda,Google_Ads,746.2,19.83,5171.61
2024-04-06,Eletronicos,TikTok_Ads,410.09,8.18,5550.73
2024-04-06,Beleza_Saude,Google_Ads,495.06,5.23,3798.29
2024-04-07,Eletronicos,Google_Ads,542.44,12.82,6129.61
2024-04-07,Eletronicos,Email_Marketing,156.5,13.22,4483.34
2024-04-07,Moda,TikTok_Ads,686.23,4.0,4574.9
2024-04-07,Beleza_Saude,Organico,0.0,3.78,2091.03
2024-04-08,Beleza_Saude,Meta_Ads,919.99,8.69,5095.4
2024-04-08,Moda,TikTok_Ads,542.35,7.03,5074.85
2024-04-08,Eletronicos,Email_Marketing,202.99,13.63,4557.69
2024-04-08,Esportes,Google_Ads,540.37,19.89,3822.0
2024-04-08,Beleza_Saude,Google_Ads,969.71,15.19,5781.89
2024-04-09,Beleza_Saude,Google_Ads,462.19,8.4,3495.68
2024-04-09,Eletronicos,Meta_Ads,853.48,15.27,7558.3
2024-04-09,Eletronicos,Organico,0.0,19.84,4089.32
2024-04-09,Moda,Email_Marketing,100.72,17.44,3463.84
2024-04-09,Moda,Email_Marketing,185.76,11.78,3135.64
2024-04-10,Esportes,Email_Marketing,165.11,10.91,2340.06
2024-04-10,Moda,TikTok_Ads,397.2,18.58,3975.75
2024-04-10,Casa_Decoracao,Email_Marketing,209.37,17.25,3292.25
2024-04-10,Beleza_Saude,TikTok_Ads,408.87,17.24,3755.47
2024-04-10,Beleza_Saude,Meta_Ads,398.83,14.81,4044.84
2024-04-10,Eletronicos,Google_Ads,1027.54,13.75,7297.33
2024-04-11,Casa_Decoracao,TikTok_Ads,658.71,22.5,5142.79
2024-04-11,Esportes,Organico,0.0,8.76,2632.66
2024-04-11,Moda,TikTok_Ads,477.35,8.75,5512.01
2024-04-11,Beleza_Saude,Google_Ads,1083.92,9.0,4472.69
2024-04-11,Moda,Organico,0.0,8.58,3175.63
2024-04-12,Casa_Decoracao,Meta_Ads,401.98,12.16,4215.81
2024-04-12,Moda,Google_Ads,762.12,4.3,7143.88
2024-04-12,Beleza_Saude,Meta_Ads,739.25,25.17,4743.72
2024-04-12,Eletronicos,Meta_Ads,805.66,15.9,6882.75
2024-04-13,Moda,Meta_Ads,580.11,12.43,4030.15
2024-04-13,Esportes,Email_Marketing,201.94,15.39,3052.75
2024-04-13,Esportes,Organico,0.0,11.55,2730.58
2024-04-13,Beleza_Saude,Organico,0.0,17.29,2150.87
2024-04-13,Moda,Google_Ads,215.01,18.24,3734.32
2024-04-13,Beleza_Saude,TikTok_Ads,583.27,20.35,6343.94
2024-04-14,Eletronicos,Meta_Ads,760.4,6.26,7316.9
2024-04-14,Beleza_Saude,Organico,0.0,3.37,1924.72
2024-04-14,Esportes,Organico,0.0,7.09,2182.36
2024-04-14,Eletronicos,Email_Marketing,167.33,15.92,4570.5
2024-04-15,Beleza_Saude,Meta_Ads,775.98,5.02,3293.66
2024-04-15,Esportes,Meta_Ads,602.26,12.72,5036.37
2024-04-15,Esportes,TikTok_Ads,521.5,6.7,4692.58
2024-04-15,Eletronicos,Meta_Ads,806.02,5.97,6621.7
2024-04-15,Casa_Decoracao,Google_Ads,745.11,13.1,5235.53
2024-04-16,Esportes,Email_Marketing,147.45,17.29,3482.43
2024-04-16,Eletronicos,Organico,0.0,12.44,2584.41
2024-04-16,Esportes,TikTok_Ads,490.64,14.27,3961.48
2024-04-16,Beleza_Saude,Google_Ads,657.5,19.22,4864.47
2024-04-17,Esportes,Organico,0.0,12.94,2508.26
2024-04-17,Casa_Decoracao,Google_Ads,1010.83,19.47,7593.86
2024-04-17,Eletronicos,Organico,0.0,8.09,3933.65
2024-04-17,Eletronicos,TikTok_Ads,553.26,11.08,4840.63
2024-04-17,Eletronicos,Organico,0.0,10.04,3723.89
2024-04-17,Casa_Decoracao,TikTok_Ads,493.17,10.8,4151.96
2024-04-18,Eletronicos,TikTok_Ads,339.98,9.45,5385.79
2024-04-18,Esportes,Google_Ads,699.38,5.75,4452.41
2024-04-18,Eletronicos,Meta_Ads,705.26,15.36,7465.2
2024-04-18,Beleza_Saude,Google_Ads,884.89,11.16,5881.91
2024-04-18,Esportes,TikTok_Ads,494.71,12.57,3678.37
2024-04-19,Eletronicos,Google_Ads,834.74,8.49,8805.44
2024-04-19,Esportes,Google_Ads,823.85,16.01,7407.97
2024-04-19,Moda,TikTok_Ads,397.82,14.18,3650.62
2024-04-19,Moda,Google_Ads,868.98,20.83,5850.62
2024-04-19,Beleza_Saude,Email_Marketing,116.78,11.54,3505.67
2024-04-20,Casa_Decoracao,Google_Ads,954.21,11.33,5204.03
2024-04-20,Casa_Decoracao,TikTok_Ads,338.0,14.54,4244.74
2024-04-20,Moda,Email_Marketing,198.75,9.48,3512.59
2024-04-20,Eletronicos,TikTok_Ads,327.19,19.7,5531.0
2024-04-20,Eletronicos,Email_Marketing,177.1,15.79,5830.84
2024-04-21,Eletronicos,TikTok_Ads,299.32,9.8,6358.04
2024-04-21,Moda,Email_Marketing,131.53,12.08,3345.3
2024-04-21,Moda,TikTok_Ads,696.03,18.45,6395.74
2024-04-21,Casa_Decoracao,Organico,0.0,13.8,2820.04
2024-04-21,Moda,Google_Ads,660.28,7.65,6581.27
2024-04-22,Eletronicos,TikTok_Ads,462.4,19.09,6594.62
2024-04-22,Casa_Decoracao,Email_Marketing,155.79,20.56,3216.74
2024-04-22,Moda,TikTok_Ads,422.56,12.77,5016.38
2024-04-22,Moda,Organico,0.0,13.42,3272.1
2024-04-22,Moda,TikTok_Ads,466.29,17.53,5248.28
2024-04-23,Moda,TikTok_Ads,355.8,12.57,3990.5
2024-04-23,Esportes,Email_Marketing,202.37,19.5,3304.55
2024-04-23,Moda,Meta_Ads,440.13,14.14,3451.49
2024-04-23,Casa_Decoracao,Email_Marketing,210.98,9.63,3304.62
2024-04-24,Eletronicos,Organico,0.0,16.79,3998.39
2024-04-24,Casa_Decoracao,Organico,0.0,11.48,2865.35
2024-04-24,Moda,Google_Ads,475.41,13.77,4532.04
2024-04-24,Eletronicos,Meta_Ads,675.27,12.55,6697.87
2024-04-24,Eletronicos,Email_Marketing,173.09,9.17,4987.86
2024-04-24,Esportes,Organico,0.0,4.95,2045.56
2024-04-25,Eletronicos,TikTok_Ads,552.21,16.23,6399.82
2024-04-25,Esportes,Organico,0.0,10.05,2955.03
2024-04-25,Esportes,TikTok_Ads,362.12,13.8,3244.25
2024-04-25,Eletronicos,Google_Ads,906.96,6.81,8011.63
2024-04-26,Esportes,Meta_Ads,534.69,5.71,4123.81
2024-04-26,Eletronicos,Google_Ads,738.3,24.13,7722.17
2024-04-26,Esportes,Google_Ads,524.48,9.18,4971.03
2024-04-26,Moda,TikTok_Ads,761.06,4.07,3945.24
2024-04-26,Esportes,Meta_Ads,954.03,13.95,5267.99
2024-04-26,Beleza_Saude,TikTok_Ads,566.83,0.0,4085.97
2024-04-27,Eletronicos,Organico,0.0,5.58,3798.72
2024-04-27,Moda,Organico,0.0,0.0,2805.13
2024-04-27,Esportes,Organico,0.0,8.18,3078.61
2024-04-27,Esportes,Meta_Ads,805.75,6.52,5930.84
2024-04-27,Eletronicos,Google_Ads,1048.9,12.66,8417.77
2024-04-28,Beleza_Saude,Meta_Ads,704.98,20.79,4309.89
2024-04-28,Casa_Decoracao,Google_Ads,532.37,11.56,5012.94
2024-04-28,Eletronicos,Organico,0.0,13.8,4081.37
2024-04-28,Esportes,TikTok_Ads,598.32,0.0,3854.87
2024-04-28,Casa_Decoracao,TikTok_Ads,488.3,15.52,5495.49
2024-04-28,Casa_Decoracao,Organico,0.0,19.29,2495.94
2024-04-29,Casa_Decoracao,Email_Marketing,145.13,14.29,3846.67
2024-04-29,Casa_Decoracao,Email_Marketing,176.42,15.95,3347.72
2024-04-29,Casa_Decoracao,Meta_Ads,879.2,14.05,5171.8
2024-04-29,Moda,Organico,0.0,15.49,2754.82
2024-04-29,Eletronicos,Google_Ads,704.1,13.48,7183.77
2024-04-29,Eletronicos,Email_Marketing,157.4,13.56,5836.63
2024-04-30,Esportes,Organico,0.0,8.21,2117.41
2024-04-30,Esportes,Organico,0.0,11.22,1907.07
2024-04-30,Moda,TikTok_Ads,503.88,13.11,4468.54
2024-04-30,Beleza_Saude,TikTok_Ads,644.49,9.9,5381.44
2024-04-30,Moda,Google_Ads,919.36,16.63,5435.87
2024-05-01,Casa_Decoracao,Organico,0.0,14.69,2890.63
2024-05-01,Casa_Decoracao,Meta_Ads,773.43,7.25,6476.14
2024-05-01,Esportes,Organico,0.0,11.67,2287.39
2024-05-01,Eletronicos,TikTok_Ads,561.44,9.31,6094.85
2024-05-01,Esportes,Email_Marketing,103.67,17.82,3183.28
2024-05-01,Beleza_Saude,Meta_Ads,602.51,9.65,4883.11
2024-05-02,Esportes,Organico,0.0,9.48,2811.31
2024-05-02,Casa_Decoracao,TikTok_Ads,425.3,2.94,4337.36
2024-05-02,Beleza_Saude,Organico,0.0,15.46,2754.29
2024-05-02,Beleza_Saude,Meta_Ads,752.33,17.36,6809.64
2024-05-02,Casa_Decoracao,TikTok_Ads,620.85,13.65,6160.17
2024-05-03,Esportes,Meta_Ads,935.15,14.5,4743.4
2024-05-03,Casa_Decoracao,Organico,0.0,1.5,2648.81
2024-05-03,Casa_Decoracao,TikTok_Ads,610.65,9.04,4871.99
2024-05-03,Moda,Google_Ads,1190.83,9.47,6105.33
2024-05-04,Casa_Decoracao,Google_Ads,1096.33,5.32,6060.54
2024-05-04,Esportes,Google_Ads,818.62,9.33,5917.86
2024-05-04,Beleza_Saude,Meta_Ads,639.13,12.85,4390.45
2024-05-04,Esportes,TikTok_Ads,250.85,1.75,3440.32
2024-05-04,Eletronicos,Google_Ads,853.38,14.19,7458.01
2024-05-04,Casa_Decoracao,Email_Marketing,158.05,16.85,3468.5
2024-05-05,Moda,Organico,0.0,16.05,2481.44
2024-05-05,Casa_Decoracao,Meta_Ads,656.78,24.81,6380.33
2024-05-05,Beleza_Saude,Google_Ads,699.31,8.98,4335.12
2024-05-05,Casa_Decoracao,Email_Marketing,182.49,20.04,3701.3
2024-05-05,Beleza_Saude,Email_Marketing,155.89,9.78,2939.24
2024-05-06,Esportes,TikTok_Ads,477.9,4.26,3726.48
2024-05-06,Beleza_Saude,TikTok_Ads,464.39,10.72,3821.33
2024-05-06,Eletronicos,Meta_Ads,639.96,14.4,7360.91
2024-05-06,Eletronicos,Meta_Ads,544.41,5.98,4942.78
2024-05-06,Moda,Email_Marketing,131.73,10.24,2967.74
2024-05-06,Esportes,Meta_Ads,439.38,9.72,4117.82
2024-05-07,Moda,TikTok_Ads,354.29,12.09,3321.69
2024-05-07,Beleza_Saude,Email_Marketing,179.3,7.77,2844.1
2024-05-07,Moda,Organico,0.0,10.03,2353.32
2024-05-07,Moda,Meta_Ads,272.68,14.71,4955.92
2024-05-08,Beleza_Saude,Email_Marketing,148.03,20.52,3490.44
2024-05-08,Eletronicos,Meta_Ads,639.92,16.76,6229.56
2024-05-08,Moda,TikTok_Ads,287.02,7.38,4775.46
2024-05-08,Esportes,Organico,0.0,10.78,2287.83
2024-05-08,Eletronicos,Meta_Ads,959.42,20.13,10617.85
2024-05-08,Eletronicos,Organico,0.0,13.48,3131.16
2024-05-09,Esportes,TikTok_Ads,605.89,11.02,5625.33
2024-05-09,Casa_Decoracao,Email_Marketing,220.24,1.78,3652.87
2024-05-09,Beleza_Saude,TikTok_Ads,413.38,16.0,4609.42
2024-05-09,Esportes,Organico,0.0,2.74,2573.56
2024-05-10,Eletronicos,Email_Marketing,170.06,18.14,4357.65
2024-05-10,Esportes,Organico,0.0,1.56,2071.96
2024-05-10,Moda,Organico,0.0,7.45,2424.47
2024-05-10,Beleza_Saude,Meta_Ads,541.49,13.46,4196.55
2024-05-11,Esportes,Meta_Ads,552.6,6.45,5917.16
2024-05-11,Eletronicos,Google_Ads,844.3,12.11,8148.71
2024-05-11,Beleza_Saude,Organico,0.0,12.01,2270.34
2024-05-11,Eletronicos,Meta_Ads,566.78,18.0,6144.53
2024-05-11,Esportes,Organico,0.0,10.49,2481.04
2024-05-11,Moda,Meta_Ads,504.81,7.93,4295.86
2024-05-12,Casa_Decoracao,TikTok_Ads,585.69,21.24,4884.96
2024-05-12,Moda,Google_Ads,933.73,12.49,7662.33
2024-05-12,Casa_Decoracao,Google_Ads,656.23,15.73,4989.85
2024-05-12,Casa_Decoracao,Meta_Ads,639.57,12.46,5173.85
2024-05-13,Beleza_Saude,Organico,0.0,19.36,2131.62
2024-05-13,Casa_Decoracao,TikTok_Ads,471.31,3.8,3898.13
2024-05-13,Eletronicos,Email_Marketing,187.37,9.67,5109.18
2024-05-13,Casa_Decoracao,Email_Marketing,142.86,13.62,2596.94
2024-05-13,Beleza_Saude,Meta_Ads,663.85,0.0,4299.45
2024-05-13,Moda,Google_Ads,473.91,18.03,5393.44
2024-05-14,Casa_Decoracao,TikTok_Ads,381.39,20.74,4786.76
2024-05-14,Casa_Decoracao,Google_Ads,752.69,17.68,4644.36
2024-05-14,Esportes,TikTok_Ads,396.94,8.96,3530.57
2024-05-14,Casa_Decoracao,Email_Marketing,110.38,18.12,2969.23
2024-05-14,Moda,Google_Ads,870.5,9.15,4406.66
2024-05-15,Moda,Meta_Ads,693.88,7.44,5508.93
2024-05-15,Moda,Organico,0.0,17.38,2650.05
2024-05-15,Beleza_Saude,Google_Ads,1132.16,15.32,6710.29
2024-05-15,Eletronicos,TikTok_Ads,477.4,10.47,5552.79
2024-05-15,Esportes,Email_Marketing,156.32,10.96,2694.55
2024-05-15,Eletronicos,Email_Marketing,156.54,7.82,4717.16
2024-05-16,Eletronicos,Email_Marketing,141.63,13.96,5699.21
2024-05-16,Beleza_Saude,Email_Marketing,132.76,4.37,2356.42
2024-05-16,Casa_Decoracao,Meta_Ads,773.06,12.12,5092.73
2024-05-16,Casa_Decoracao,Organico,0.0,13.11,2839.0
2024-05-16,Beleza_Saude,TikTok_Ads,538.23,10.73,4333.65
2024-05-17,Esportes,Google_Ads,657.1,16.48,4599.89
2024-05-17,Eletronicos,Organico,0.0,21.18,3319.2
2024-05-17,Eletronicos,TikTok_Ads,478.03,14.04,6554.44
2024-05-17,Moda,Organico,0.0,4.32,3223.21
2024-05-17,Esportes,Organico,0.0,8.19,2909.46
2024-05-17,Eletronicos,TikTok_Ads,508.71,12.38,5781.1
2024-05-18,Casa_Decoracao,Organico,0.0,10.22,3438.59
2024-05-18,Beleza_Saude,Organico,0.0,7.48,1961.16
2024-05-18,Beleza_Saude,Google_Ads,893.24,3.23,4977.31
2024-05-18,Casa_Decoracao,TikTok_Ads,432.73,21.26,4520.4
2024-05-18,Moda,Meta_Ads,603.73,8.84,5748.11
2024-05-18,Beleza_Saude,Google_Ads,700.66,11.75,4406.01
2024-05-19,Moda,Meta_Ads,601.48,13.37,5308.9
2024-05-19,Esportes,Organico,0.0,10.84,2814.95
2024-05-19,Eletronicos,Organico,0.0,10.93,4388.41
2024-05-19,Casa_Decoracao,Organico,0.0,23.75,1646.17
2024-05-19,Moda,Email_Marketing,175.24,3.18,3262.19
2024-05-19,Moda,Meta_Ads,636.09,19.54,4932.4
2024-05-20,Casa_Decoracao,Organico,0.0,5.17,2116.79
2024-05-20,Eletronicos,TikTok_Ads,422.01,11.48,3321.32
2024-05-20,Beleza_Saude,Meta_Ads,680.36,6.72,5634.45
2024-05-20,Casa_Decoracao,TikTok_Ads,466.23,16.71,5174.98
2024-05-21,Eletronicos,Meta_Ads,589.28,9.46,5595.31
2024-05-21,Eletronicos,TikTok_Ads,486.72,12.42,5402.79
2024-05-21,Casa_Decoracao,TikTok_Ads,455.15,11.59,4153.91
2024-05-21,Beleza_Saude,TikTok_Ads,503.88,8.62,4675.64
2024-05-21,Moda,Organico,0.0,9.48,3001.0
2024-05-22,Moda,Email_Marketing,147.21,6.34,2907.95
2024-05-22,Casa_Decoracao,Organico,0.0,16.29,2266.18
2024-05-22,Casa_Decoracao,TikTok_Ads,347.25,16.21,4186.88
2024-05-22,Casa_Decoracao,Google_Ads,960.9,16.58,8177.98
2024-05-22,Beleza_Saude,Organico,0.0,4.71,2247.16
2024-05-23,Esportes,Email_Marketing,213.68,7.67,3873.39
2024-05-23,Casa_Decoracao,Google_Ads,628.1,14.63,4148.2
2024-05-23,Beleza_Saude,Email_Marketing,169.63,10.37,2727.2
2024-05-23,Esportes,Meta_Ads,749.13,9.65,4050.03
2024-05-24,Beleza_Saude,Meta_Ads,877.73,6.29,5064.03
2024-05-24,Eletronicos,Meta_Ads,616.47,15.03,7517.83
2024-05-24,Beleza_Saude,Organico,0.0,13.12,2170.06
2024-05-24,Eletronicos,Email_Marketing,81.53,5.43,5270.99
2024-05-24,Beleza_Saude,TikTok_Ads,270.49,8.08,3742.82
2024-05-25,Esportes,Email_Marketing,157.86,7.24,2627.29
2024-05-25,Casa_Decoracao,Meta_Ads,524.44,16.15,5273.49
2024-05-25,Eletronicos,Meta_Ads,723.32,17.92,5727.61
2024-05-25,Casa_Decoracao,Email_Marketing,212.52,19.62,3901.57
2024-05-25,Esportes,Google_Ads,1156.36,3.72,5931.26
2024-05-26,Esportes,Google_Ads,952.28,5.7,5461.79
2024-05-26,Moda,Organico,0.0,8.71,2987.07
2024-05-26,Beleza_Saude,Google_Ads,481.13,20.47,5010.38
2024-05-26,Moda,Meta_Ads,727.71,11.69,6649.97
2024-05-27,Eletronicos,Meta_Ads,460.28,13.61,5749.03
2024-05-27,Casa_Decoracao,Google_Ads,760.46,18.08,5751.39
2024-05-27,Beleza_Saude,Meta_Ads,692.83,10.36,5441.54
2024-05-27,Beleza_Saude,Organico,0.0,16.37,2134.22
2024-05-27,Casa_Decoracao,Email_Marketing,198.9,21.19,3930.67
2024-05-28,Esportes,Organico,0.0,8.2,2462.36
2024-05-28,Beleza_Saude,Organico,0.0,8.72,2084.66
2024-05-28,Esportes,Email_Marketing,160.38,5.51,2574.15
2024-05-28,Casa_Decoracao,Google_Ads,804.97,10.5,6052.16
2024-05-28,Beleza_Saude,Google_Ads,1353.2,12.5,6420.9
2024-05-28,Eletronicos,Email_Marketing,203.18,4.06,3617.67
2024-05-29,Eletronicos,Meta_Ads,553.3,2.06,5534.61
2024-05-29,Beleza_Saude,TikTok_Ads,643.39,11.83,5819.87
2024-05-29,Beleza_Saude,Email_Marketing,179.49,18.74,2686.73
2024-05-29,Casa_Decoracao,TikTok_Ads,401.36,13.73,3143.56
2024-05-29,Casa_Decoracao,Google_Ads,894.23,10.38,7046.11
2024-05-29,Esportes,Meta_Ads,760.42,17.48,4812.77
2024-05-30,Esportes,Meta_Ads,820.33,15.36,6601.89
2024-05-30,Esportes,TikTok_Ads,406.16,11.78,3887.21
2024-05-30,Casa_Decoracao,Meta_Ads,623.32,12.2,5475.03
2024-05-30,Casa_Decoracao,TikTok_Ads,415.76,4.37,4959.26
2024-05-30,Beleza_Saude,Organico,0.0,6.48,2226.06
2024-05-30,Moda,Email_Marketing,187.9,15.75,3929.53
2024-05-31,Esportes,Organico,0.0,19.13,2290.39
2024-05-31,Eletronicos,Google_Ads,348.75,6.11,5321.3
2024-05-31,Esportes,Email_Marketing,113.29,11.56,2973.68
2024-05-31,Eletronicos,Email_Marketing,143.2,9.53,3651.09
2024-06-01,Beleza_Saude,Organico,0.0,8.45,2853.02
2024-06-01,Eletronicos,Google_Ads,694.82,12.89,7060.02
2024-06-01,Casa_Decoracao,TikTok_Ads,516.38,11.61,3693.58
2024-06-01,Beleza_Saude,Meta_Ads,885.78,21.04,4378.37
2024-06-01,Esportes,TikTok_Ads,372.0,10.6,3231.32
2024-06-02,Beleza_Saude,Email_Marketing,80.77,16.6,2692.66
2024-06-02,Eletronicos,Google_Ads,1078.15,12.62,7132.06
2024-06-02,Beleza_Saude,Meta_Ads,616.8,16.02,4128.47
2024-06-02,Casa_Decoracao,Google_Ads,711.94,10.89,4312.98
2024-06-02,Moda,Organico,0.0,12.86,3432.97
2024-06-03,Casa_Decoracao,Meta_Ads,701.54,7.08,3832.66
2024-06-03,Moda,Meta_Ads,856.2,14.17,3870.3
2024-06-03,Beleza_Saude,Organico,0.0,14.64,2723.6
2024-06-03,Beleza_Saude,Organico,0.0,10.22,1583.1
2024-06-03,Beleza_Saude,Google_Ads,974.05,10.52,5917.26
2024-06-04,Moda,Organico,0.0,5.18,2516.56
2024-06-04,Casa_Decoracao,Meta_Ads,517.19,8.17,4420.81
2024-06-04,Casa_Decoracao,Google_Ads,313.16,4.45,3529.62
2024-06-04,Moda,Email_Marketing,154.55,10.83,3430.44
2024-06-04,Beleza_Saude,TikTok_Ads,448.86,11.91,4189.43
2024-06-05,Moda,TikTok_Ads,553.39,10.06,4611.74
2024-06-05,Esportes,Meta_Ads,572.38,5.72,4315.18
2024-06-05,Casa_Decoracao,Organico,0.0,0.0,3139.07
2024-06-05,Moda,TikTok_Ads,636.1,10.12,5240.17
2024-06-06,Casa_Decoracao,Google_Ads,565.67,22.52,5416.36
2024-06-06,Esportes,Email_Marketing,131.7,16.1,2242.64
2024-06-06,Esportes,Organico,0.0,13.6,2481.37
2024-06-06,Casa_Decoracao,Organico,0.0,6.94,2203.92
2024-06-07,Eletronicos,Email_Marketing,153.83,12.26,4942.85
2024-06-07,Beleza_Saude,Google_Ads,542.86,11.81,4372.3
2024-06-07,Casa_Decoracao,Email_Marketing,130.21,14.02,2470.72
2024-06-07,Casa_Decoracao,Google_Ads,734.71,8.23,4963.99
2024-06-07,Eletronicos,Meta_Ads,885.14,19.33,9098.67
2024-06-07,Beleza_Saude,TikTok_Ads,442.22,16.54,4077.31
2024-06-08,Beleza_Saude,TikTok_Ads,505.7,9.23,5063.96
2024-06-08,Eletronicos,TikTok_Ads,650.13,13.41,6842.18
2024-06-08,Eletronicos,Meta_Ads,695.83,12.8,6294.48
2024-06-08,Casa_Decoracao,Email_Marketing,140.62,6.65,2010.54
2024-06-09,Beleza_Saude,Organico,0.0,5.21,1839.74
2024-06-09,Beleza_Saude,Meta_Ads,799.45,17.29,5935.01
2024-06-09,Casa_Decoracao,Organico,0.0,5.77,2211.24
2024-06-09,Beleza_Saude,Google_Ads,578.68,14.86,3776.62
2024-06-09,Esportes,Google_Ads,657.15,11.08,3637.16
2024-06-09,Beleza_Saude,Google_Ads,809.35,11.46,6208.52
2024-06-10,Esportes,Google_Ads,636.03,12.82,4553.23
2024-06-10,Moda,Email_Marketing,129.17,7.13,3699.29
2024-06-10,Esportes,Organico,0.0,10.43,2319.68
2024-06-10,Esportes,Organico,0.0,10.44,2464.73
2024-06-11,Casa_Decoracao,Organico,0.0,13.15,3006.55
2024-06-11,Moda,Organico,0.0,16.52,2835.2
2024-06-11,Eletronicos,TikTok_Ads,664.0,13.6,6761.01
2024-06-11,Beleza_Saude,Google_Ads,545.99,13.43,3793.39
2024-06-12,Moda,Meta_Ads,546.28,8.52,4180.15
2024-06-12,Moda,Google_Ads,1047.92,10.02,7832.3
2024-06-12,Eletronicos,TikTok_Ads,575.52,23.52,5118.0
2024-06-12,Esportes,Meta_Ads,854.63,17.73,4952.15
2024-06-12,Esportes,Meta_Ads,813.66,13.68,5328.03
2024-06-12,Esportes,Google_Ads,635.21,8.4,6143.57
2024-06-13,Beleza_Saude,Organico,0.0,15.8,2662.72
2024-06-13,Eletronicos,Organico,0.0,14.08,4299.92
2024-06-13,Beleza_Saude,Meta_Ads,516.51,14.66,5286.1
2024-06-13,Moda,TikTok_Ads,502.78,4.7,4112.68
2024-06-13,Beleza_Saude,Organico,0.0,18.45,2599.83
2024-06-14,Casa_Decoracao,Email_Marketing,155.79,12.55,3548.0
2024-06-14,Beleza_Saude,TikTok_Ads,425.38,12.91,3426.6
2024-06-14,Casa_Decoracao,Google_Ads,1384.15,7.44,6772.38
2024-06-14,Eletronicos,TikTok_Ads,610.33,9.85,7059.88
2024-06-14,Beleza_Saude,Email_Marketing,155.74,9.98,2486.98
2024-06-14,Eletronicos,TikTok_Ads,401.4,10.04,5322.39
2024-06-15,Esportes,Email_Marketing,181.71,17.76,3458.51
2024-06-15,Casa_Decoracao,TikTok_Ads,454.07,10.98,5404.33
2024-06-15,Moda,Google_Ads,729.86,17.25,6093.09
2024-06-15,Esportes,Organico,0.0,5.28,2394.91
2024-06-15,Casa_Decoracao,Google_Ads,818.22,21.03,5163.15
2024-06-15,Casa_Decoracao,Organico,0.0,13.89,2747.43
2024-06-16,Casa_Decoracao,Email_Marketing,98.05,15.97,3455.28
2024-06-16,Beleza_Saude,Meta_Ads,531.43,6.89,3936.24
2024-06-16,Esportes,Meta_Ads,653.88,10.68,4785.27
2024-06-16,Esportes,Meta_Ads,685.99,5.16,3893.5
2024-06-16,Eletronicos,TikTok_Ads,159.72,16.71,4751.92
2024-06-16,Beleza_Saude,Meta_Ads,820.28,6.31,5178.09
2024-06-17,Moda,Organico,0.0,21.14,2286.96
2024-06-17,Eletronicos,Organico,0.0,12.42,5027.53
2024-06-17,Esportes,Organico,0.0,3.64,2298.17
2024-06-17,Eletronicos,TikTok_Ads,502.63,10.86,6413.71
2024-06-17,Esportes,Organico,0.0,9.96,2555.67
2024-06-17,Beleza_Saude,Meta_Ads,760.43,12.75,4903.95
2024-06-18,Eletronicos,Organico,0.0,17.01,4610.38
2024-06-18,Eletronicos,Meta_Ads,516.68,15.81,5341.95
2024-06-18,Beleza_Saude,TikTok_Ads,598.49,4.87,4256.71
2024-06-18,Beleza_Saude,TikTok_Ads,397.39,16.35,4474.52
2024-06-19,Moda,Meta_Ads,648.35,13.48,5571.21
2024-06-19,Eletronicos,Meta_Ads,385.84,13.44,5046.59
2024-06-19,Moda,Meta_Ads,419.06,9.41,4055.16
2024-06-19,Casa_Decoracao,Email_Marketing,188.62,6.68,2805.75
2024-06-20,Casa_Decoracao,Email_Marketing,132.9,16.83,3687.01
2024-06-20,Eletronicos,Organico,0.0,7.08,4490.33
2024-06-20,Beleza_Saude,TikTok_Ads,488.46,5.55,3560.33
2024-06-20,Casa_Decoracao,Google_Ads,883.93,8.03,3361.9
2024-06-20,Esportes,Meta_Ads,597.67,10.8,4629.48
2024-06-20,Casa_Decoracao,Meta_Ads,854.57,12.27,5998.71
2024-06-21,Moda,Meta_Ads,488.5,14.1,4168.36
2024-06-21,Esportes,Organico,0.0,5.68,1700.86
2024-06-21,Beleza_Saude,Google_Ads,723.44,11.38,4653.16
2024-06-21,Casa_Decoracao,Organico,0.0,10.0,2646.77
2024-06-21,Moda,Email_Marketing,148.32,12.91,3119.86
2024-06-21,Moda,Google_Ads,1034.34,6.12,7031.44
2024-06-22,Eletronicos,Meta_Ads,818.36,4.89,5817.43
2024-06-22,Eletronicos,TikTok_Ads,450.31,18.19,6243.81
2024-06-22,Eletronicos,Google_Ads,606.39,10.45,5665.46
2024-06-22,Casa_Decoracao,Google_Ads,658.04,16.89,4114.07
2024-06-22,Moda,Organico,0.0,16.14,3446.07
2024-06-23,Casa_Decoracao,Email_Marketing,132.64,6.45,3486.98
2024-06-23,Moda,Meta_Ads,673.21,9.11,4849.36
2024-06-23,Moda,Organico,0.0,9.32,2738.06
2024-06-23,Moda,Google_Ads,587.74,11.77,5454.41
2024-06-24,Moda,Organico,0.0,5.05,2847.62
2024-06-24,Moda,Meta_Ads,471.68,4.62,3975.46
2024-06-24,Casa_Decoracao,Organico,0.0,16.75,2737.47
2024-06-24,Esportes,Meta_Ads,400.94,11.02,4071.06
2024-06-25,Moda,Meta_Ads,678.52,12.53,6131.29
2024-06-25,Moda,Organico,0.0,3.25,3215.96
2024-06-25,Beleza_Saude,TikTok_Ads,382.98,14.53,3993.39
2024-06-25,Eletronicos,Meta_Ads,379.64,17.25,5127.98
2024-06-26,Eletronicos,Organico,0.0,13.15,3486.33
2024-06-26,Eletronicos,Email_Marketing,132.47,11.92,3943.41
2024-06-26,Eletronicos,Email_Marketing,140.39,0.18,4699.0
2024-06-26,Moda,Google_Ads,1045.43,14.27,9248.24
2024-06-26,Moda,TikTok_Ads,585.26,17.71,6228.89
2024-06-27,Beleza_Saude,Google_Ads,930.09,14.17,5799.66
2024-06-27,Beleza_Saude,Organico,0.0,15.92,2453.3
2024-06-27,Moda,Google_Ads,455.1,8.3,4524.51
2024-06-27,Moda,Email_Marketing,177.5,5.36,3422.19
2024-06-28,Beleza_Saude,TikTok_Ads,470.75,8.62,3257.48
2024-06-28,Beleza_Saude,Email_Marketing,184.64,14.69,3318.33
2024-06-28,Casa_Decoracao,TikTok_Ads,457.89,13.28,4041.43
2024-06-28,Esportes,Organico,0.0,20.34,2570.54
2024-06-28,Casa_Decoracao,TikTok_Ads,563.43,16.18,4892.85
2024-06-29,Moda,Meta_Ads,689.1,22.08,6909.69
2024-06-29,Beleza_Saude,Google_Ads,720.56,6.49,5052.25
2024-06-29,Beleza_Saude,Google_Ads,817.34,13.78,5525.13
2024-06-29,Moda,TikTok_Ads,563.28,19.24,5654.69
2024-06-29,Eletronicos,TikTok_Ads,368.79,18.81,6990.28
2024-06-29,Moda,Google_Ads,1430.41,6.38,8293.07
2024-06-30,Esportes,Email_Marketing,71.92,10.77,3007.64
2024-06-30,Beleza_Saude,Organico,0.0,7.24,2241.66
2024-06-30,Beleza_Saude,Meta_Ads,673.16,16.25,4564.86
2024-06-30,Esportes,Organico,0.0,12.84,2852.84
2024-06-30,Moda,Organico,0.0,6.88,2591.89
2024-07-01,Eletronicos,Google_Ads,804.53,4.97,5762.68
2024-07-01,Casa_Decoracao,Email_Marketing,157.45,11.6,2882.35
2024-07-01,Moda,Email_Marketing,131.97,15.48,3187.24
2024-07-01,Beleza_Saude,Meta_Ads,635.69,22.85,3867.62
2024-07-02,Moda,Email_Marketing,176.51,25.74,3914.09
2024-07-02,Esportes,Google_Ads,434.79,14.29,4623.53
2024-07-02,Beleza_Saude,TikTok_Ads,385.27,8.77,3223.01
2024-07-02,Esportes,Meta_Ads,563.65,11.14,3923.26
2024-07-02,Moda,Meta_Ads,449.18,12.87,4475.97
2024-07-03,Moda,TikTok_Ads,445.47,8.31,4593.07
2024-07-03,Casa_Decoracao,Email_Marketing,167.26,12.97,2725.63
2024-07-03,Moda,Email_Marketing,157.74,19.31,3873.1
2024-07-03,Moda,Meta_Ads,806.32,10.81,6541.92
2024-07-03,Beleza_Saude,Organico,0.0,7.25,2295.99
2024-07-03,Moda,Organico,0.0,8.84,2923.88
2024-07-04,Beleza_Saude,Meta_Ads,698.3,10.06,4597.41
2024-07-04,Esportes,Organico,0.0,8.51,2960.35
2024-07-04,Eletronicos,Organico,0.0,18.56,4027.28
2024-07-04,Beleza_Saude,Organico,0.0,12.4,2641.89
2024-07-04,Casa_Decoracao,Organico,0.0,6.51,3025.05
2024-07-04,Beleza_Saude,Organico,0.0,13.11,2684.69
2024-07-05,Casa_Decoracao,Organico,0.0,6.97,1859.29
2024-07-05,Moda,Organico,0.0,5.4,3198.97
2024-07-05,Casa_Decoracao,TikTok_Ads,549.26,13.47,5838.78
2024-07-05,Eletronicos,TikTok_Ads,339.27,16.37,5180.3
2024-07-06,Esportes,Organico,0.0,8.96,2322.15
2024-07-06,Moda,Meta_Ads,805.64,13.04,6226.22
2024-07-06,Beleza_Saude,Meta_Ads,471.98,7.6,4981.37
2024-07-06,Moda,Google_Ads,652.96,20.28,5388.13
2024-07-06,Beleza_Saude,Meta_Ads,650.37,17.35,5753.77
2024-07-06,Beleza_Saude,Google_Ads,777.84,10.06,5070.59
2024-07-07,Eletronicos,TikTok_Ads,542.24,9.43,6185.26
2024-07-07,Beleza_Saude,Email_Marketing,147.73,17.64,2931.43
2024-07-07,Moda,Email_Marketing,121.99,16.95,3332.79
2024-07-07,Eletronicos,Email_Marketing,169.75,9.61,4146.81
2024-07-07,Esportes,TikTok_Ads,510.52,12.06,4640.61
2024-07-08,Eletronicos,Meta_Ads,399.29,11.2,5094.39
2024-07-08,Moda,Email_Marketing,113.77,11.12,3548.61
2024-07-08,Esportes,Email_Marketing,149.65,13.53,3814.81
2024-07-08,Esportes,Email_Marketing,137.14,13.39,2724.08
2024-07-08,Casa_Decoracao,Email_Marketing,118.26,9.08,2754.06
2024-07-08,Esportes,TikTok_Ads,544.93,23.75,4239.43
2024-07-09,Casa_Decoracao,Organico,0.0,12.11,2548.82
2024-07-09,Casa_Decoracao,Google_Ads,1099.17,16.86,7000.81
2024-07-09,Beleza_Saude,Organico,0.0,3.46,2248.01
2024-07-09,Moda,TikTok_Ads,484.24,14.77,5399.9
2024-07-09,Eletronicos,Google_Ads,1046.58,13.68,6762.69
2024-07-10,Esportes,Email_Marketing,69.4,21.12,2708.53
2024-07-10,Esportes,Organico,0.0,8.76,2772.42
2024-07-10,Beleza_Saude,Meta_Ads,553.96,14.95,4512.32
2024-07-10,Beleza_Saude,Organico,0.0,21.09,2575.02
2024-07-11,Eletronicos,TikTok_Ads,518.36,13.62,4390.43
2024-07-11,Casa_Decoracao,Google_Ads,321.61,16.22,3865.6
2024-07-11,Moda,Organico,0.0,5.13,3000.2
2024-07-11,Beleza_Saude,Meta_Ads,953.68,14.1,6142.57
2024-07-12,Eletronicos,Email_Marketing,150.32,19.21,4817.21
2024-07-12,Casa_Decoracao,Google_Ads,1052.75,7.02,6901.23
2024-07-12,Casa_Decoracao,Email_Marketing,122.45,9.22,2800.6
2024-07-12,Eletronicos,Email_Marketing,132.2,9.65,5270.42
2024-07-12,Eletronicos,Organico,0.0,13.13,3767.92
2024-07-13,Eletronicos,Meta_Ads,773.42,10.54,6803.75
2024-07-13,Esportes,Email_Marketing,168.51,13.45,2150.38
2024-07-13,Moda,TikTok_Ads,359.84,16.65,4268.62
2024-07-13,Beleza_Saude,Google_Ads,695.25,5.21,3917.85
2024-07-13,Moda,TikTok_Ads,247.28,11.49,3469.22
2024-07-13,Beleza_Saude,Google_Ads,606.68,11.66,4765.55
2024-07-14,Beleza_Saude,TikTok_Ads,688.64,15.03,5292.04
2024-07-14,Moda,Email_Marketing,133.86,4.58,3153.78
2024-07-14,Eletronicos,TikTok_Ads,650.83,4.36,5206.76
2024-07-14,Beleza_Saude,Meta_Ads,670.52,7.08,4084.55
2024-07-14,Eletronicos,Meta_Ads,581.17,5.17,5092.18
2024-07-15,Esportes,Google_Ads,940.69,12.51,6052.79
2024-07-15,Beleza_Saude,Organico,0.0,6.77,2055.41
2024-07-15,Casa_Decoracao,TikTok_Ads,478.88,3.39,3587.54
2024-07-15,Casa_Decoracao,Email_Marketing,189.25,15.8,3823.97
2024-07-15,Casa_Decoracao,Google_Ads,682.18,9.67,3706.85
2024-07-15,Beleza_Saude,Organico,0.0,17.48,2697.54
2024-07-16,Eletronicos,Organico,0.0,13.62,5442.73
2024-07-16,Eletronicos,Meta_Ads,330.54,11.59,5261.72
2024-07-16,Esportes,TikTok_Ads,331.99,6.23,3090.82
2024-07-16,Casa_Decoracao,Organico,0.0,11.46,2333.03
2024-07-16,Casa_Decoracao,Meta_Ads,701.66,15.25,5762.55
2024-07-17,Beleza_Saude,Organico,0.0,12.16,2025.95
2024-07-17,Eletronicos,Google_Ads,844.65,3.29,6278.5
2024-07-17,Beleza_Saude,Email_Marketing,109.05,12.68,3068.75
2024-07-17,Eletronicos,Google_Ads,929.2,0.14,9154.83
2024-07-17,Esportes,Meta_Ads,697.98,8.12,5037.51
2024-07-18,Casa_Decoracao,Meta_Ads,678.63,14.88,5084.93
2024-07-18,Moda,Meta_Ads,832.36,13.85,5511.21
2024-07-18,Esportes,Organico,0.0,7.49,2685.01
2024-07-18,Casa_Decoracao,TikTok_Ads,325.36,18.11,4112.11
2024-07-19,Moda,Organico,0.0,14.44,3405.61
2024-07-19,Casa_Decoracao,Meta_Ads,507.12,13.74,4434.31
2024-07-19,Casa_Decoracao,TikTok_Ads,605.86,11.42,4551.45
2024-07-19,Eletronicos,Email_Marketing,170.28,16.38,4294.62
2024-07-20,Moda,Email_Marketing,147.71,14.87,3886.71
2024-07-20,Beleza_Saude,Email_Marketing,110.0,17.51,2677.53
2024-07-20,Esportes,Organico,0.0,8.45,2469.82
2024-07-20,Moda,Google_Ads,799.08,13.85,6302.17
2024-07-20,Moda,Google_Ads,921.72,25.88,6887.01
2024-07-21,Eletronicos,TikTok_Ads,574.59,1.88,6001.31
2024-07-21,Casa_Decoracao,Organico,0.0,5.63,2605.78
2024-07-21,Eletronicos,Email_Marketing,131.56,9.57,4535.13
2024-07-21,Esportes,Meta_Ads,548.29,12.48,4082.35
2024-07-21,Esportes,Meta_Ads,562.5,16.96,5411.4
2024-07-22,Moda,TikTok_Ads,286.42,6.71,4215.56
2024-07-22,Esportes,Email_Marketing,117.4,10.29,2987.46
2024-07-22,Casa_Decoracao,Email_Marketing,119.82,6.27,3129.79
2024-07-22,Eletronicos,Organico,0.0,18.22,4601.13
2024-07-23,Moda,Google_Ads,995.84,15.28,7451.66
2024-07-23,Beleza_Saude,Google_Ads,910.17,5.59,5443.9
2024-07-23,Esportes,TikTok_Ads,420.82,15.32,3598.72
2024-07-23,Beleza_Saude,Google_Ads,890.41,10.59,3984.12
2024-07-23,Beleza_Saude,Organico,0.0,11.87,2680.17
2024-07-23,Eletronicos,Email_Marketing,87.55,10.54,4173.01
2024-07-24,Moda,Email_Marketing,160.13,9.13,3296.5
2024-07-24,Eletronicos,Email_Marketing,200.95,10.23,3915.86
2024-07-24,Beleza_Saude,Organico,0.0,18.73,1894.1
2024-07-24,Beleza_Saude,Google_Ads,1194.56,14.08,7867.77
2024-07-24,Moda,Email_Marketing,205.02,16.86,3700.94
2024-07-24,Esportes,TikTok_Ads,652.21,13.27,5694.2
2024-07-25,Eletronicos,Meta_Ads,844.98,10.93,8554.76
2024-07-25,Casa_Decoracao,TikTok_Ads,311.21,11.71,3810.2
2024-07-25,Moda,Google_Ads,644.66,11.42,4571.81
2024-07-25,Moda,TikTok_Ads,579.65,5.31,5656.92
2024-07-25,Casa_Decoracao,TikTok_Ads,490.84,9.76,3702.14
2024-07-25,Beleza_Saude,Organico,0.0,8.74,1823.17
2024-07-26,Eletronicos,TikTok_Ads,631.43,10.78,6758.83
2024-07-26,Eletronicos,Meta_Ads,538.47,7.78,6094.38
2024-07-26,Beleza_Saude,Meta_Ads,662.64,12.03,5348.49
2024-07-26,Casa_Decoracao,Organico,0.0,13.6,2398.55
2024-07-26,Casa_Decoracao,Meta_Ads,511.98,10.58,4124.43
2024-07-27,Moda,TikTok_Ads,657.84,16.38,4930.75
2024-07-27,Eletronicos,Email_Marketing,178.66,11.16,3313.79
2024-07-27,Esportes,Google_Ads,831.77,8.88,5436.31
2024-07-27,Eletronicos,TikTok_Ads,706.43,13.12,5688.16
2024-07-27,Moda,Organico,0.0,13.81,2425.92
2024-07-27,Moda,Email_Marketing,89.77,7.11,3537.08
2024-07-28,Moda,Email_Marketing,117.16,17.74,2794.14
2024-07-28,Moda,Organico,0.0,10.67,3319.55
2024-07-28,Esportes,TikTok_Ads,429.54,14.08,3355.3
2024-07-28,Beleza_Saude,Meta_Ads,1019.52,10.8,6043.61
2024-07-28,Beleza_Saude,TikTok_Ads,706.84,9.07,6028.99
2024-07-29,Moda,Organico,0.0,9.01,3677.71
2024-07-29,Beleza_Saude,Google_Ads,510.61,11.7,3246.12
2024-07-29,Esportes,Meta_Ads,863.66,11.96,5802.35
2024-07-29,Moda,Organico,0.0,9.03,3592.88
2024-07-29,Beleza_Saude,Organico,0.0,10.83,3121.53
2024-07-29,Esportes,Email_Marketing,143.96,5.13,2958.63
2024-07-30,Moda,Google_Ads,765.45,8.54,6238.01
2024-07-30,Beleza_Saude,Organico,0.0,6.21,2242.8
2024-07-30,Casa_Decoracao,Organico,0.0,14.79,1585.23
2024-07-30,Casa_Decoracao,Google_Ads,553.03,16.79,4111.16
2024-07-30,Moda,Meta_Ads,682.98,5.71,5842.58
2024-07-31,Beleza_Saude,Organico,0.0,8.06,2497.91
2024-07-31,Esportes,Meta_Ads,833.66,8.63,4828.86
2024-07-31,Eletronicos,Email_Marketing,125.54,3.97,3471.28
2024-07-31,Casa_Decoracao,Organico,0.0,10.53,2655.29
2024-07-31,Beleza_Saude,Google_Ads,886.69,9.46,5099.5
2024-08-01,Moda,Organico,0.0,13.19,2660.7
2024-08-01,Moda,TikTok_Ads,365.09,18.44,4818.25
2024-08-01,Eletronicos,Meta_Ads,561.01,13.1,4795.77
2024-08-01,Esportes,TikTok_Ads,252.87,17.42,3581.95
2024-08-01,Eletronicos,Email_Marketing,148.21,13.16,6834.76
2024-08-01,Eletronicos,Email_Marketing,182.59,6.77,3416.18
2024-08-02,Esportes,Email_Marketing,189.55,8.38,3364.16
2024-08-02,Esportes,Meta_Ads,809.68,9.28,6278.21
2024-08-02,Beleza_Saude,Google_Ads,822.97,14.46,4349.22
2024-08-02,Esportes,Meta_Ads,687.73,8.62,5246.71
2024-08-03,Esportes,Organico,0.0,7.59,1985.26
2024-08-03,Eletronicos,Google_Ads,822.91,12.9,7035.96
2024-08-03,Casa_Decoracao,Meta_Ads,519.22,14.18,4651.83
2024-08-03,Beleza_Saude,Email_Marketing,160.87,14.97,2783.06
2024-08-03,Esportes,Email_Marketing,131.67,17.54,2655.74
2024-08-03,Beleza_Saude,Meta_Ads,573.76,18.17,4182.22
2024-08-04,Casa_Decoracao,Google_Ads,780.28,12.25,6033.24
2024-08-04,Moda,Google_Ads,1015.71,10.36,3380.04
2024-08-04,Moda,Organico,0.0,18.04,2977.15
2024-08-04,Esportes,Google_Ads,732.17,17.83,5246.6
2024-08-04,Esportes,Google_Ads,381.49,4.47,3912.64
2024-08-04,Eletronicos,TikTok_Ads,491.64,19.27,5432.06
2024-08-05,Esportes,Organico,0.0,17.18,2031.27
2024-08-05,Casa_Decoracao,Google_Ads,559.08,7.35,4541.68
2024-08-05,Casa_Decoracao,TikTok_Ads,330.41,16.77,3371.49
2024-08-05,Moda,Meta_Ads,686.46,9.1,5328.48
2024-08-05,Esportes,Email_Marketing,89.87,17.01,2418.63
2024-08-06,Esportes,Google_Ads,794.24,5.36,5721.22
2024-08-06,Moda,Meta_Ads,617.69,3.46,5210.36
2024-08-06,Esportes,Meta_Ads,813.57,18.41,5339.34
2024-08-06,Moda,TikTok_Ads,518.16,12.25,5928.2
2024-08-07,Casa_Decoracao,Meta_Ads,617.75,7.59,4903.58
2024-08-07,Beleza_Saude,TikTok_Ads,573.64,11.22,5307.24
2024-08-07,Casa_Decoracao,Meta_Ads,517.99,10.57,4678.94
2024-08-07,Esportes,Email_Marketing,164.74,12.24,2452.27
2024-08-07,Esportes,Meta_Ads,1029.93,10.82,6337.96
2024-08-07,Esportes,Email_Marketing,173.13,8.82,3032.72
2024-08-08,Beleza_Saude,TikTok_Ads,369.18,7.86,2824.67
2024-08-08,Casa_Decoracao,TikTok_Ads,411.18,0.0,3662.29
2024-08-08,Eletronicos,Organico,0.0,12.75,4063.99
2024-08-08,Esportes,Email_Marketing,197.14,24.97,3957.3
2024-08-08,Moda,Email_Marketing,133.01,9.53,3782.65
2024-08-09,Beleza_Saude,TikTok_Ads,289.58,7.22,3428.43
2024-08-09,Beleza_Saude,Meta_Ads,669.67,14.48,3587.88
2024-08-09,Eletronicos,Organico,0.0,2.07,3696.63
2024-08-09,Casa_Decoracao,Meta_Ads,756.91,17.23,5850.65
2024-08-10,Beleza_Saude,Google_Ads,935.08,9.41,6804.44
2024-08-10,Esportes,Organico,0.0,12.79,1960.45
2024-08-10,Eletronicos,Meta_Ads,684.35,17.31,6401.37
2024-08-10,Eletronicos,Email_Marketing,200.67,18.46,6179.79
2024-08-10,Moda,Email_Marketing,161.45,14.94,4312.37
2024-08-10,Moda,Organico,0.0,9.49,2661.79
2024-08-11,Casa_Decoracao,Organico,0.0,11.16,2036.65
2024-08-11,Moda,TikTok_Ads,451.83,16.4,5547.75
2024-08-11,Beleza_Saude,Google_Ads,1048.94,18.18,6233.71
2024-08-11,Casa_Decoracao,Meta_Ads,877.26,19.98,6253.9
2024-08-11,Casa_Decoracao,TikTok_Ads,647.15,12.21,6065.79
2024-08-11,Beleza_Saude,TikTok_Ads,479.79,8.95,3313.26
2024-08-12,Eletronicos,TikTok_Ads,478.3,6.62,6515.57
2024-08-12,Moda,Meta_Ads,846.93,17.16,6168.5
2024-08-12,Moda,Organico,0.0,6.68,2982.94
2024-08-12,Eletronicos,Email_Marketing,156.36,26.22,5784.28
2024-08-13,Beleza_Saude,Email_Marketing,161.82,21.29,3444.85
2024-08-13,Esportes,Google_Ads,816.82,10.32,7878.71
2024-08-13,Eletronicos,Organico,0.0,8.66,3811.85
2024-08-13,Eletronicos,Organico,0.0,0.0,3925.87
2024-08-14,Esportes,TikTok_Ads,722.81,11.13,4849.28
2024-08-14,Moda,Organico,0.0,13.42,2674.4
2024-08-14,Eletronicos,Email_Marketing,150.82,15.94,4777.99
2024-08-14,Beleza_Saude,TikTok_Ads,505.35,14.47,4625.11
2024-08-14,Esportes,Email_Marketing,147.65,9.63,3009.69
2024-08-14,Beleza_Saude,Email_Marketing,90.23,10.95,1620.04
2024-08-15,Eletronicos,TikTok_Ads,290.53,15.58,7084.47
2024-08-15,Beleza_Saude,Google_Ads,1237.02,8.57,8406.67
2024-08-15,Moda,Organico,0.0,14.5,2189.85
2024-08-15,Beleza_Saude,Organico,0.0,7.94,2473.25
2024-08-15,Esportes,Organico,0.0,1.63,2264.46
2024-08-15,Eletronicos,Organico,0.0,11.07,4436.33
2024-08-16,Moda,Organico,0.0,11.31,2699.86
2024-08-16,Beleza_Saude,Organico,0.0,17.23,2200.63
2024-08-16,Eletronicos,Google_Ads,531.79,15.72,5951.74
2024-08-16,Casa_Decoracao,Email_Marketing,151.18,20.04,3271.16
2024-08-17,Moda,Email_Marketing,160.84,13.67,4313.4
2024-08-17,Eletronicos,TikTok_Ads,375.8,12.68,5519.72
2024-08-17,Esportes,Meta_Ads,476.25,16.78,5814.58
2024-08-17,Moda,Google_Ads,796.6,14.53,6042.03
2024-08-17,Eletronicos,Email_Marketing,123.24,2.9,3803.65
2024-08-17,Moda,Organico,0.0,20.52,2980.07
2024-08-18,Eletronicos,Meta_Ads,593.79,7.55,6749.38
2024-08-18,Casa_Decoracao,Organico,0.0,10.79,3342.31
2024-08-18,Moda,Email_Marketing,174.16,15.28,4353.29
2024-08-18,Casa_Decoracao,TikTok_Ads,703.84,13.31,5879.6
2024-08-18,Beleza_Saude,TikTok_Ads,674.54,6.19,3426.34
2024-08-19,Moda,Organico,0.0,7.31,2543.56
2024-08-19,Beleza_Saude,Meta_Ads,749.19,11.75,4426.02
2024-08-19,Casa_Decoracao,Google_Ads,917.7,15.33,5818.45
2024-08-19,Eletronicos,Google_Ads,827.58,14.6,7690.92
2024-08-19,Eletronicos,Email_Marketing,151.52,19.16,5189.6
2024-08-19,Beleza_Saude,Organico,0.0,9.78,2037.08
2024-08-20,Esportes,Organico,0.0,12.62,2375.21
2024-08-20,Moda,Email_Marketing,142.07,15.73,3669.95
2024-08-20,Esportes,Email_Marketing,235.34,7.74,3466.39
2024-08-20,Esportes,TikTok_Ads,433.85,7.65,3935.1
2024-08-20,Esportes,Organico,0.0,26.59,2536.91
2024-08-20,Eletronicos,Organico,0.0,13.37,2790.15
2024-08-21,Beleza_Saude,TikTok_Ads,375.99,9.23,2983.92
2024-08-21,Casa_Decoracao,Google_Ads,851.22,18.84,5090.21
2024-08-21,Moda,Organico,0.0,17.45,3677.96
2024-08-21,Eletronicos,Email_Marketing,75.18,14.3,4505.53
2024-08-22,Beleza_Saude,Google_Ads,616.4,20.66,4328.99
2024-08-22,Casa_Decoracao,Meta_Ads,643.29,14.78,4614.87
2024-08-22,Eletronicos,Email_Marketing,80.75,9.86,4930.66
2024-08-22,Casa_Decoracao,Meta_Ads,595.25,7.77,5343.88
2024-08-23,Beleza_Saude,Google_Ads,820.71,4.6,3814.42
2024-08-23,Beleza_Saude,Google_Ads,764.64,8.83,5471.51
2024-08-23,Beleza_Saude,Organico,0.0,8.14,2256.43
2024-08-23,Esportes,Google_Ads,716.35,22.33,5707.25
2024-08-23,Casa_Decoracao,Email_Marketing,91.48,21.1,2773.54
2024-08-24,Esportes,Email_Marketing,113.45,21.04,3207.54
2024-08-24,Casa_Decoracao,Meta_Ads,478.39,10.72,4536.56
2024-08-24,Moda,Email_Marketing,227.56,5.01,4251.25
2024-08-24,Eletronicos,TikTok_Ads,522.49,16.19,6026.96
2024-08-24,Beleza_Saude,Email_Marketing,118.41,15.75,3022.27
2024-08-25,Casa_Decoracao,Google_Ads,502.61,2.45,4621.09
2024-08-25,Casa_Decoracao,Meta_Ads,1065.63,14.18,8319.22
2024-08-25,Esportes,Meta_Ads,834.21,9.41,6498.14
2024-08-25,Beleza_Saude,Meta_Ads,572.23,9.71,4205.9
2024-08-25,Beleza_Saude,Meta_Ads,623.81,15.31,4206.07
2024-08-25,Moda,Email_Marketing,183.34,16.37,3858.79
2024-08-26,Beleza_Saude,Google_Ads,505.9,5.69,3536.87
2024-08-26,Esportes,TikTok_Ads,509.87,8.79,4667.33
2024-08-26,Esportes,TikTok_Ads,628.36,15.0,6027.23
2024-08-26,Moda,TikTok_Ads,551.98,5.92,5777.21
2024-08-26,Moda,TikTok_Ads,424.36,16.55,5686.98
2024-08-26,Eletronicos,Organico,0.0,4.52,3321.18
2024-08-27,Eletronicos,TikTok_Ads,138.06,11.57,4234.88
2024-08-27,Eletronicos,Email_Marketing,137.69,6.94,4944.1
2024-08-27,Eletronicos,Email_Marketing,240.95,7.83,5818.81
2024-08-27,Beleza_Saude,Organico,0.0,12.18,2137.11
2024-08-27,Esportes,Email_Marketing,146.88,17.75,2536.31
2024-08-28,Beleza_Saude,Meta_Ads,605.31,14.04,4194.91
2024-08-28,Esportes,Organico,0.0,17.99,2659.95
2024-08-28,Eletronicos,TikTok_Ads,583.2,11.14,7098.61
2024-08-28,Esportes,Meta_Ads,555.64,13.69,6288.94
2024-08-29,Beleza_Saude,Email_Marketing,170.21,9.44,2505.91
2024-08-29,Eletronicos,Organico,0.0,15.85,3457.54
2024-08-29,Casa_Decoracao,Google_Ads,885.56,3.49,5141.89
2024-08-29,Eletronicos,Google_Ads,734.1,20.37,6799.54
2024-08-29,Moda,TikTok_Ads,224.84,2.01,3546.93
2024-08-29,Eletronicos,Email_Marketing,173.02,13.88,4836.81
2024-08-30,Moda,Google_Ads,1032.45,11.77,6875.09
2024-08-30,Beleza_Saude,Organico,0.0,7.36,2130.19
2024-08-30,Eletronicos,Google_Ads,500.51,18.82,5844.06
2024-08-30,Esportes,Email_Marketing,131.67,19.94,2469.66
2024-08-31,Eletronicos,Meta_Ads,467.09,15.65,5943.05
2024-08-31,Casa_Decoracao,Organico,0.0,13.98,2895.07
2024-08-31,Beleza_Saude,Google_Ads,964.28,6.67,5736.67
2024-08-31,Eletronicos,Email_Marketing,137.54,17.22,4992.94
2024-09-01,Moda,Organico,0.0,5.35,1876.24
2024-09-01,Casa_Decoracao,TikTok_Ads,412.57,12.81,4203.29
2024-09-01,Casa_Decoracao,Email_Marketing,155.6,4.94,3397.23
2024-09-01,Casa_Decoracao,Email_Marketing,158.99,15.67,2316.06
2024-09-02,Eletronicos,Email_Marketing,161.68,13.04,4148.79
2024-09-02,Moda,Organico,0.0,9.96,2288.73
2024-09-02,Moda,TikTok_Ads,464.53,14.93,4236.66
2024-09-02,Eletronicos,Google_Ads,975.64,8.15,6800.09
2024-09-03,Moda,Meta_Ads,480.01,11.11,5131.73
2024-09-03,Casa_Decoracao,TikTok_Ads,620.49,11.9,4331.5
2024-09-03,Beleza_Saude,Organico,0.0,8.57,2003.56
2024-09-03,Esportes,Google_Ads,821.41,10.27,6002.31
2024-09-03,Eletronicos,TikTok_Ads,423.38,11.71,6594.03
2024-09-03,Casa_Decoracao,Organico,0.0,11.7,2336.57
2024-09-04,Casa_Decoracao,TikTok_Ads,420.85,22.07,4805.23
2024-09-04,Beleza_Saude,Organico,0.0,8.02,2428.76
2024-09-04,Beleza_Saude,Email_Marketing,165.86,12.81,3822.38
2024-09-04,Casa_Decoracao,Email_Marketing,126.84,11.63,2146.49
2024-09-04,Beleza_Saude,Email_Marketing,193.52,8.01,3372.3
2024-09-04,Beleza_Saude,Email_Marketing,185.7,23.75,3447.73
2024-09-05,Esportes,Email_Marketing,136.65,15.1,2024.4
2024-09-05,Casa_Decoracao,TikTok_Ads,648.02,17.18,5181.03
2024-09-05,Moda,Organico,0.0,14.64,2885.74
2024-09-05,Eletronicos,Email_Marketing,98.48,16.84,5459.95
2024-09-05,Casa_Decoracao,Email_Marketing,104.68,4.94,2789.98
2024-09-06,Eletronicos,Email_Marketing,116.94,18.62,4403.84
2024-09-06,Beleza_Saude,Google_Ads,396.72,9.47,4337.51
2024-09-06,Casa_Decoracao,TikTok_Ads,543.08,14.02,5591.78
2024-09-06,Esportes,Meta_Ads,481.6,6.74,2704.35
2024-09-06,Eletronicos,Email_Marketing,182.89,14.81,5299.4
2024-09-07,Eletronicos,Organico,0.0,8.89,4461.11
2024-09-07,Esportes,Email_Marketing,150.72,5.05,2697.21
2024-09-07,Casa_Decoracao,Email_Marketing,170.32,10.9,2883.4
2024-09-07,Eletronicos,Organico,0.0,20.09,4492.89
2024-09-07,Esportes,TikTok_Ads,662.62,9.11,4812.92
2024-09-07,Casa_Decoracao,Google_Ads,794.29,12.59,5939.57
2024-09-08,Beleza_Saude,TikTok_Ads,385.13,9.93,4005.93
2024-09-08,Beleza_Saude,Email_Marketing,156.21,25.03,3149.15
2024-09-08,Eletronicos,Meta_Ads,566.3,15.2,6833.84
2024-09-08,Esportes,Email_Marketing,144.09,6.53,2635.5
2024-09-08,Beleza_Saude,Organico,0.0,3.26,2061.45
2024-09-09,Moda,Meta_Ads,694.38,7.01,5343.85
2024-09-09,Eletronicos,Google_Ads,693.38,10.28,6189.39
2024-09-09,Moda,Meta_Ads,490.76,2.21,4027.71
2024-09-09,Eletronicos,Email_Marketing,157.25,5.26,4446.51
2024-09-09,Moda,Organico,0.0,17.12,3711.26
2024-09-10,Beleza_Saude,Organico,0.0,8.23,2330.2
2024-09-10,Esportes,TikTok_Ads,640.62,3.29,4862.06
2024-09-10,Beleza_Saude,TikTok_Ads,465.42,12.57,4286.22
2024-09-10,Moda,Meta_Ads,619.42,11.48,5036.4
2024-09-10,Beleza_Saude,Google_Ads,994.06,14.09,6251.23
2024-09-10,Casa_Decoracao,TikTok_Ads,341.13,10.11,4325.75
2024-09-11,Eletronicos,Email_Marketing,151.41,5.53,4366.12
2024-09-11,Moda,TikTok_Ads,539.9,12.98,5913.78
2024-09-11,Esportes,Meta_Ads,1072.1,15.36,7714.53
2024-09-11,Beleza_Saude,Meta_Ads,1063.31,6.97,6183.85
2024-09-11,Esportes,Google_Ads,704.4,16.21,5384.92
2024-09-11,Esportes,Google_Ads,636.31,12.05,5554.85
2024-09-12,Esportes,Organico,0.0,0.0,2243.11
2024-09-12,Moda,Email_Marketing,208.62,18.99,4037.16
2024-09-12,Casa_Decoracao,Meta_Ads,561.97,14.43,4553.46
2024-09-12,Casa_Decoracao,Meta_Ads,566.53,17.31,4456.31
2024-09-12,Beleza_Saude,Meta_Ads,833.18,9.04,6921.01
2024-09-12,Eletronicos,Email_Marketing,88.48,7.22,4136.73
2024-09-13,Casa_Decoracao,Google_Ads,403.19,18.42,1985.71
2024-09-13,Moda,Meta_Ads,723.3,9.67,4634.79
2024-09-13,Eletronicos,TikTok_Ads,515.34,11.26,6381.1
2024-09-13,Eletronicos,TikTok_Ads,507.07,6.4,5240.6
2024-09-14,Casa_Decoracao,Google_Ads,652.41,14.21,5117.43
2024-09-14,Beleza_Saude,Email_Marketing,207.46,0.47,2896.31
2024-09-14,Moda,TikTok_Ads,641.23,2.54,5650.65
2024-09-14,Moda,TikTok_Ads,404.85,12.55,3908.78
2024-09-14,Eletronicos,Organico,0.0,10.56,4493.46
2024-09-14,Esportes,Google_Ads,887.07,8.03,6035.28
2024-09-15,Beleza_Saude,Meta_Ads,542.17,10.91,4504.83
2024-09-15,Moda,Google_Ads,742.99,15.21,5239.82
2024-09-15,Casa_Decoracao,Email_Marketing,152.74,3.88,2836.31
2024-09-15,Esportes,Organico,0.0,6.83,2229.76
2024-09-15,Casa_Decoracao,Google_Ads,318.99,5.16,3023.62
2024-09-16,Moda,Email_Marketing,126.44,12.49,3549.6
2024-09-16,Moda,Organico,0.0,12.1,2259.35
2024-09-16,Moda,Google_Ads,446.19,13.83,4349.63
2024-09-16,Eletronicos,Google_Ads,840.46,11.91,6119.71
2024-09-16,Esportes,Google_Ads,790.95,5.83,6277.7
2024-09-17,Beleza_Saude,Google_Ads,528.81,16.35,3694.45
2024-09-17,Beleza_Saude,Email_Marketing,56.68,9.45,2358.09
2024-09-17,Esportes,Email_Marketing,106.41,8.22,3109.77
2024-09-17,Eletronicos,Email_Marketing,152.93,13.73,4390.76
2024-09-18,Beleza_Saude,Organico,0.0,6.09,2413.26
2024-09-18,Eletronicos,TikTok_Ads,520.81,7.6,4660.93
2024-09-18,Eletronicos,TikTok_Ads,528.73,18.45,6253.6
2024-09-18,Beleza_Saude,Meta_Ads,498.08,2.66,4800.41
2024-09-19,Casa_Decoracao,Meta_Ads,819.3,13.89,6301.93
2024-09-19,Esportes,Google_Ads,1182.55,1.13,6366.93
2024-09-19,Eletronicos,Email_Marketing,194.69,11.38,3073.61
2024-09-19,Casa_Decoracao,TikTok_Ads,338.62,13.64,4048.64
2024-09-19,Beleza_Saude,Meta_Ads,759.28,8.09,5183.03
2024-09-19,Esportes,Google_Ads,610.83,13.3,4775.86
2024-09-20,Casa_Decoracao,Meta_Ads,516.61,4.65,4848.17
2024-09-20,Eletronicos,Organico,0.0,7.56,4732.98
2024-09-20,Casa_Decoracao,Meta_Ads,984.38,15.89,6973.55
2024-09-20,Esportes,Meta_Ads,468.04,17.35,3632.39
2024-09-21,Esportes,TikTok_Ads,546.22,2.26,3652.54
2024-09-21,Casa_Decoracao,Meta_Ads,336.41,12.8,4310.7
2024-09-21,Beleza_Saude,Google_Ads,881.95,7.35,4920.5
2024-09-21,Casa_Decoracao,Google_Ads,854.45,7.51,4510.51
2024-09-21,Beleza_Saude,Meta_Ads,611.14,7.28,4697.18
2024-09-22,Beleza_Saude,Meta_Ads,426.53,11.11,3741.04
2024-09-22,Eletronicos,Meta_Ads,685.36,8.25,5555.84
2024-09-22,Beleza_Saude,Meta_Ads,704.42,7.52,3798.11
2024-09-22,Casa_Decoracao,Google_Ads,1045.56,14.44,8330.18
2024-09-23,Beleza_Saude,Google_Ads,521.82,9.59,4063.27
2024-09-23,Esportes,Meta_Ads,375.52,15.57,3763.49
2024-09-23,Esportes,TikTok_Ads,326.18,4.76,4064.52
2024-09-23,Casa_Decoracao,TikTok_Ads,452.4,17.95,5453.01
2024-09-23,Esportes,Google_Ads,1004.49,9.33,3807.33
2024-09-23,Moda,Organico,0.0,22.46,3047.55
2024-09-24,Eletronicos,Email_Marketing,53.85,11.51,3714.78
2024-09-24,Esportes,Meta_Ads,938.06,12.51,6367.37
2024-09-24,Casa_Decoracao,Google_Ads,776.18,12.47,4136.42
2024-09-24,Casa_Decoracao,Email_Marketing,110.99,17.44,3177.1
2024-09-24,Moda,TikTok_Ads,450.19,14.43,4998.39
2024-09-25,Esportes,Meta_Ads,973.52,5.44,6067.03
2024-09-25,Eletronicos,Meta_Ads,644.41,4.29,4206.88
2024-09-25,Eletronicos,Google_Ads,769.55,20.09,7567.81
2024-09-25,Esportes,Email_Marketing,124.94,17.41,3371.88
2024-09-25,Moda,Meta_Ads,856.63,15.42,7052.65
2024-09-26,Eletronicos,Google_Ads,876.73,13.89,8148.43
2024-09-26,Esportes,TikTok_Ads,452.44,9.82,4936.57
2024-09-26,Moda,Google_Ads,484.92,10.76,4781.14
2024-09-26,Esportes,Organico,0.0,12.85,2088.3
2024-09-26,Casa_Decoracao,Email_Marketing,193.79,12.01,2474.38
2024-09-27,Eletronicos,Meta_Ads,683.99,7.99,4941.85
2024-09-27,Casa_Decoracao,TikTok_Ads,625.06,9.62,5541.88
2024-09-27,Esportes,Organico,0.0,19.37,2840.01
2024-09-27,Beleza_Saude,Google_Ads,655.46,3.7,6044.71
2024-09-28,Casa_Decoracao,Google_Ads,757.96,7.85,6689.2
2024-09-28,Esportes,TikTok_Ads,520.69,20.73,4921.41
2024-09-28,Eletronicos,Google_Ads,950.75,16.69,6357.92
2024-09-28,Eletronicos,Email_Marketing,161.51,5.82,4274.99
2024-09-29,Eletronicos,TikTok_Ads,580.02,17.5,6206.1
2024-09-29,Casa_Decoracao,Email_Marketing,105.84,13.13,3050.55
2024-09-29,Esportes,Organico,0.0,15.95,2578.39
2024-09-29,Eletronicos,Email_Marketing,183.94,11.33,4639.35
2024-09-30,Moda,Meta_Ads,919.58,11.78,5942.74
2024-09-30,Casa_Decoracao,Organico,0.0,2.47,2171.18
2024-09-30,Esportes,Organico,0.0,12.76,3135.46
2024-09-30,Casa_Decoracao,TikTok_Ads,423.01,6.88,3607.67
2024-10-01,Casa_Decoracao,Google_Ads,830.67,13.63,5246.34
2024-10-01,Casa_Decoracao,Google_Ads,839.73,11.02,6327.08
2024-10-01,Esportes,Email_Marketing,168.45,6.74,2443.73
2024-10-01,Casa_Decoracao,Email_Marketing,146.63,12.16,3482.63
2024-10-02,Esportes,Meta_Ads,733.41,12.25,5731.24
2024-10-02,Esportes,Email_Marketing,136.3,23.94,3203.01
2024-10-02,Esportes,Meta_Ads,605.65,7.82,5327.78
2024-10-02,Casa_Decoracao,Meta_Ads,790.92,9.51,5935.6
2024-10-03,Eletronicos,Email_Marketing,93.43,15.69,5317.63
2024-10-03,Eletronicos,Google_Ads,711.11,11.29,6716.4
2024-10-03,Casa_Decoracao,Email_Marketing,132.14,13.13,3819.33
2024-10-03,Casa_Decoracao,Organico,0.0,8.71,2235.4
2024-10-03,Esportes,Google_Ads,781.12,11.32,5939.08
2024-10-03,Moda,Organico,0.0,13.51,3093.39
2024-10-04,Casa_Decoracao,Email_Marketing,159.2,13.17,2847.12
2024-10-04,Eletronicos,TikTok_Ads,426.52,13.15,4694.88
2024-10-04,Casa_Decoracao,Google_Ads,869.98,7.52,6597.99
2024-10-04,Casa_Decoracao,Meta_Ads,1029.9,7.7,6785.3
2024-10-04,Beleza_Saude,Meta_Ads,531.9,17.2,3541.13
2024-10-05,Beleza_Saude,Email_Marketing,159.16,12.45,3370.56
2024-10-05,Eletronicos,Google_Ads,1215.11,15.43,8902.54
2024-10-05,Beleza_Saude,Meta_Ads,889.3,12.71,5976.46
2024-10-05,Eletronicos,Organico,0.0,10.07,2738.33
2024-10-06,Eletronicos,Meta_Ads,189.75,17.8,3317.9
2024-10-06,Esportes,TikTok_Ads,481.76,18.64,5826.54
2024-10-06,Esportes,Organico,0.0,4.84,2763.47
2024-10-06,Moda,TikTok_Ads,608.14,9.56,4633.79
2024-10-06,Casa_Decoracao,Organico,0.0,10.28,2668.79
2024-10-07,Moda,Google_Ads,686.8,4.59,4948.56
2024-10-07,Beleza_Saude,Google_Ads,464.81,12.54,2841.53
2024-10-07,Casa_Decoracao,TikTok_Ads,611.25,5.43,3440.92
2024-10-07,Casa_Decoracao,Email_Marketing,136.36,20.56,3576.94
2024-10-07,Moda,Meta_Ads,337.62,5.28,3767.11
2024-10-08,Esportes,Google_Ads,878.34,8.0,5198.17
2024-10-08,Eletronicos,TikTok_Ads,571.87,5.61,6609.77
2024-10-08,Casa_Decoracao,Meta_Ads,657.46,18.28,5379.68
2024-10-08,Esportes,Organico,0.0,20.64,2154.68
2024-10-08,Eletronicos,TikTok_Ads,471.61,16.79,4268.27
2024-10-09,Moda,TikTok_Ads,679.96,4.66,4953.58
2024-10-09,Moda,Google_Ads,527.83,2.98,4361.1
2024-10-09,Beleza_Saude,TikTok_Ads,529.26,25.99,4944.89
2024-10-09,Eletronicos,Google_Ads,1150.45,11.78,9025.06
2024-10-09,Moda,Meta_Ads,626.25,25.42,5058.08
2024-10-10,Eletronicos,Organico,0.0,13.15,2993.52
2024-10-10,Casa_Decoracao,TikTok_Ads,300.84,17.43,3426.85
2024-10-10,Casa_Decoracao,Email_Marketing,145.01,20.06,3214.61
2024-10-10,Beleza_Saude,Organico,0.0,16.48,2100.56
2024-10-11,Casa_Decoracao,Google_Ads,1153.4,6.68,5838.49
2024-10-11,Casa_Decoracao,Organico,0.0,15.29,2444.82
2024-10-11,Casa_Decoracao,Meta_Ads,710.35,14.48,5623.82
2024-10-11,Eletronicos,Organico,0.0,14.53,4936.87
2024-10-11,Eletronicos,TikTok_Ads,346.81,7.8,5217.39
2024-10-11,Eletronicos,Organico,0.0,2.98,4443.0
2024-10-12,Moda,Email_Marketing,111.59,9.6,3381.48
2024-10-12,Eletronicos,Organico,0.0,14.85,4389.28
2024-10-12,Eletronicos,Email_Marketing,167.97,19.3,5307.81
2024-10-12,Eletronicos,Meta_Ads,675.01,11.03,6396.05
2024-10-12,Eletronicos,TikTok_Ads,366.97,3.17,5487.08
2024-10-12,Eletronicos,Organico,0.0,10.35,4931.04
2024-10-13,Esportes,Google_Ads,906.88,12.35,4621.29
2024-10-13,Esportes,Organico,0.0,17.16,2093.37
2024-10-13,Casa_Decoracao,Email_Marketing,116.4,17.37,3003.02
2024-10-13,Esportes,TikTok_Ads,391.24,13.36,3535.06
2024-10-13,Esportes,Meta_Ads,676.17,9.93,4651.44
2024-10-14,Moda,Meta_Ads,830.44,20.2,5998.55
2024-10-14,Moda,TikTok_Ads,576.86,14.64,5250.1
2024-10-14,Beleza_Saude,Email_Marketing,127.47,18.21,2606.26
2024-10-14,Esportes,Meta_Ads,531.17,16.39,4611.82
2024-10-14,Moda,Organico,0.0,11.69,2607.24
2024-10-15,Moda,Organico,0.0,11.23,3104.52
2024-10-15,Moda,TikTok_Ads,532.18,17.97,5558.89
2024-10-15,Casa_Decoracao,Google_Ads,579.32,9.53,3711.35
2024-10-15,Beleza_Saude,Email_Marketing,192.93,2.04,2268.44
2024-10-15,Eletronicos,TikTok_Ads,436.02,14.82,5295.67
2024-10-16,Moda,Meta_Ads,590.65,10.77,3323.19
2024-10-16,Moda,Meta_Ads,516.61,9.87,4589.52
2024-10-16,Esportes,Email_Marketing,142.96,17.59,3621.96
2024-10-16,Eletronicos,Meta_Ads,622.1,17.49,6900.84
2024-10-17,Esportes,Google_Ads,812.9,9.42,5281.1
2024-10-17,Casa_Decoracao,Email_Marketing,166.48,18.34,3298.77
2024-10-17,Beleza_Saude,TikTok_Ads,322.22,16.21,3942.84
2024-10-17,Moda,Meta_Ads,334.45,11.98,3159.23
2024-10-17,Esportes,Meta_Ads,541.99,7.49,4859.26
2024-10-17,Beleza_Saude,Email_Marketing,154.38,5.57,3088.81
2024-10-18,Eletronicos,Google_Ads,513.24,20.8,8045.38
2024-10-18,Beleza_Saude,Organico,0.0,11.38,2107.84
2024-10-18,Eletronicos,Email_Marketing,120.78,19.68,5316.75
2024-10-18,Esportes,TikTok_Ads,622.35,10.75,3470.87
2024-10-18,Casa_Decoracao,Meta_Ads,401.71,12.29,3766.19
2024-10-18,Moda,Google_Ads,672.46,13.73,6301.47
2024-10-19,Eletronicos,TikTok_Ads,412.35,4.92,4008.43
2024-10-19,Casa_Decoracao,TikTok_Ads,472.99,6.92,2749.87
2024-10-19,Casa_Decoracao,Email_Marketing,136.56,9.55,2974.39
2024-10-19,Moda,TikTok_Ads,421.39,21.15,5069.64
2024-10-19,Esportes,Meta_Ads,568.81,11.68,5501.06
2024-10-19,Beleza_Saude,Meta_Ads,805.45,5.02,4326.67
2024-10-20,Casa_Decoracao,Organico,0.0,12.17,2859.45
2024-10-20,Esportes,Organico,0.0,10.37,1803.92
2024-10-20,Eletronicos,Meta_Ads,480.93,9.4,4667.81
2024-10-20,Eletronicos,Email_Marketing,192.78,6.1,5011.29
2024-10-20,Casa_Decoracao,Google_Ads,463.62,15.29,4299.89
2024-10-20,Casa_Decoracao,Google_Ads,1102.51,6.34,5947.18
2024-10-21,Eletronicos,Email_Marketing,136.11,6.32,3705.95
2024-10-21,Moda,Email_Marketing,172.99,13.93,3428.96
2024-10-21,Moda,Google_Ads,950.68,1.68,6776.79
2024-10-21,Beleza_Saude,Email_Marketing,158.92,7.02,2172.95
2024-10-21,Esportes,Meta_Ads,669.72,19.04,4943.59
2024-10-21,Esportes,TikTok_Ads,393.41,12.96,4976.55
2024-10-22,Beleza_Saude,Meta_Ads,720.09,21.53,4838.94
2024-10-22,Moda,Meta_Ads,876.94,6.17,5883.61
2024-10-22,Casa_Decoracao,Meta_Ads,574.4,15.01,5224.67
2024-10-22,Eletronicos,Organico,0.0,15.29,3860.39
2024-10-23,Casa_Decoracao,TikTok_Ads,397.9,18.75,4165.59
2024-10-23,Moda,Meta_Ads,468.71,11.92,4870.26
2024-10-23,Beleza_Saude,Email_Marketing,180.47,13.56,2499.02
2024-10-23,Beleza_Saude,Email_Marketing,129.92,8.87,2908.24
2024-10-24,Beleza_Saude,Organico,0.0,19.17,2229.93
2024-10-24,Esportes,Email_Marketing,151.74,7.48,3054.15
2024-10-24,Moda,Organico,0.0,12.29,2957.11
2024-10-24,Moda,Meta_Ads,962.3,0.0,5615.98
2024-10-25,Beleza_Saude,TikTok_Ads,457.03,16.73,4295.43
2024-10-25,Casa_Decoracao,Meta_Ads,535.88,11.01,4938.81
2024-10-25,Casa_Decoracao,TikTok_Ads,245.96,7.34,3752.87
2024-10-25,Casa_Decoracao,Meta_Ads,846.44,17.11,6705.21
2024-10-26,Esportes,Email_Marketing,154.87,6.05,3009.73
2024-10-26,Esportes,TikTok_Ads,565.05,11.64,4496.45
2024-10-26,Esportes,Google_Ads,1053.68,15.18,6965.78
2024-10-26,Moda,Meta_Ads,776.04,10.5,7634.0
2024-10-26,Moda,Organico,0.0,19.29,3420.13
2024-10-26,Esportes,Google_Ads,849.66,12.4,5481.5
2024-10-27,Eletronicos,Meta_Ads,829.31,9.72,6014.71
2024-10-27,Esportes,Meta_Ads,789.37,3.34,6562.23
2024-10-27,Beleza_Saude,Meta_Ads,762.11,6.73,5723.55
2024-10-27,Eletronicos,TikTok_Ads,574.62,11.81,5501.65
2024-10-27,Moda,TikTok_Ads,568.46,12.61,4523.01
2024-10-27,Casa_Decoracao,TikTok_Ads,332.09,7.75,3446.47
2024-10-28,Moda,Email_Marketing,193.59,7.43,2401.28
2024-10-28,Esportes,Organico,0.0,11.29,2948.24
2024-10-28,Esportes,Organico,0.0,13.16,2014.36
2024-10-28,Moda,Meta_Ads,516.02,8.27,4228.59
2024-10-28,Esportes,Email_Marketing,136.82,10.62,2755.1
2024-10-29,Esportes,TikTok_Ads,291.4,13.49,2716.15
2024-10-29,Eletronicos,Email_Marketing,171.27,7.96,3913.12
2024-10-29,Beleza_Saude,TikTok_Ads,534.1,15.97,4595.18
2024-10-29,Esportes,Organico,0.0,13.11,2566.15
2024-10-29,Casa_Decoracao,Organico,0.0,10.03,2794.21
2024-10-29,Beleza_Saude,Google_Ads,640.36,17.46,5358.87
2024-10-30,Casa_Decoracao,Google_Ads,821.31,11.53,5216.85
2024-10-30,Esportes,Email_Marketing,159.26,18.58,3721.53
2024-10-30,Esportes,Meta_Ads,673.36,11.58,5043.31
2024-10-30,Casa_Decoracao,Email_Marketing,161.59,10.66,3237.82
2024-10-30,Casa_Decoracao,Email_Marketing,90.99,12.41,3129.73
2024-10-31,Esportes,Email_Marketing,131.63,12.79,3387.46
2024-10-31,Esportes,Meta_Ads,761.99,12.88,6290.56
2024-10-31,Casa_Decoracao,Email_Marketing,190.58,10.35,3378.33
2024-10-31,Eletronicos,Organico,0.0,11.57,4692.53
2024-11-01,Esportes,TikTok_Ads,480.98,6.2,5492.87
2024-11-01,Beleza_Saude,Email_Marketing,195.62,0.04,3872.45
2024-11-01,Esportes,Organico,0.0,15.42,3993.82
2024-11-01,Eletronicos,Organico,0.0,13.21,5700.43
2024-11-01,Esportes,TikTok_Ads,457.16,13.05,7084.68
2024-11-01,Moda,Email_Marketing,118.86,9.99,4571.49
2024-11-02,Beleza_Saude,Email_Marketing,187.53,9.15,3956.35
2024-11-02,Esportes,Email_Marketing,76.02,16.33,3288.21
2024-11-02,Casa_Decoracao,Organico,0.0,7.58,4461.47
2024-11-02,Beleza_Saude,Email_Marketing,124.92,16.71,3894.22
2024-11-03,Casa_Decoracao,Email_Marketing,118.91,13.02,3934.91
2024-11-03,Eletronicos,Meta_Ads,570.8,6.87,8263.27
2024-11-03,Beleza_Saude,TikTok_Ads,478.1,14.06,5975.68
2024-11-03,Eletronicos,Meta_Ads,617.96,4.47,9865.01
2024-11-04,Eletronicos,Email_Marketing,146.81,13.49,8066.07
2024-11-04,Esportes,TikTok_Ads,234.5,14.07,6155.32
2024-11-04,Casa_Decoracao,Email_Marketing,160.58,20.25,4211.79
2024-11-04,Casa_Decoracao,Organico,0.0,12.17,2406.04
2024-11-05,Casa_Decoracao,Organico,0.0,18.01,3727.98
2024-11-05,Eletronicos,Organico,0.0,10.67,6159.69
2024-11-05,Eletronicos,Google_Ads,715.76,16.88,8006.46
2024-11-05,Moda,Meta_Ads,471.43,15.44,6565.68
2024-11-05,Beleza_Saude,Meta_Ads,576.24,16.45,5755.65
2024-11-05,Eletronicos,TikTok_Ads,474.97,19.0,10389.81
2024-11-06,Esportes,Google_Ads,1114.48,8.9,8273.98
2024-11-06,Esportes,Meta_Ads,418.58,9.72,4001.3
2024-11-06,Beleza_Saude,Organico,0.0,20.46,2149.21
2024-11-06,Esportes,Google_Ads,706.17,9.98,6822.7
2024-11-06,Eletronicos,Email_Marketing,187.56,9.67,6440.52
2024-11-06,Eletronicos,Meta_Ads,1134.1,11.44,14608.87
2024-11-07,Moda,Meta_Ads,731.57,6.24,7765.46
2024-11-07,Casa_Decoracao,TikTok_Ads,548.25,6.12,7140.95
2024-11-07,Beleza_Saude,Meta_Ads,362.3,9.11,4780.51
2024-11-07,Moda,TikTok_Ads,420.47,9.17,7891.19
2024-11-07,Moda,Email_Marketing,118.09,24.21,5318.99
2024-11-07,Beleza_Saude,Google_Ads,818.41,14.38,10415.04
2024-11-08,Moda,Organico,0.0,16.25,4535.17
2024-11-08,Eletronicos,Organico,0.0,5.75,6204.45
2024-11-08,Eletronicos,TikTok_Ads,477.62,12.45,9637.02
2024-11-08,Beleza_Saude,TikTok_Ads,587.84,13.76,4425.68
2024-11-09,Moda,Email_Marketing,148.29,6.44,5132.91
2024-11-09,Beleza_Saude,Email_Marketing,116.76,21.26,4178.25
2024-11-09,Eletronicos,TikTok_Ads,448.0,14.14,8088.14
2024-11-09,Beleza_Saude,Google_Ads,767.96,2.95,5773.79
2024-11-10,Esportes,Organico,0.0,5.78,3479.11
2024-11-10,Beleza_Saude,TikTok_Ads,411.56,9.31,4668.01
2024-11-10,Casa_Decoracao,Email_Marketing,107.79,11.79,3242.47
2024-11-10,Moda,Google_Ads,989.36,12.28,9850.29
2024-11-11,Esportes,Google_Ads,706.76,21.23,7811.23
2024-11-11,Esportes,Organico,0.0,10.41,3810.79
2024-11-11,Esportes,TikTok_Ads,405.81,17.48,5232.1
2024-11-11,Eletronicos,Email_Marketing,115.68,9.54,4658.93
2024-11-12,Esportes,Organico,0.0,0.0,3185.55
2024-11-12,Moda,Google_Ads,893.22,8.98,5855.23
2024-11-12,Casa_Decoracao,Meta_Ads,634.28,12.85,5766.21
2024-11-12,Esportes,Email_Marketing,118.87,16.81,4181.53
2024-11-12,Casa_Decoracao,Email_Marketing,93.42,14.25,3565.75
2024-11-12,Moda,Meta_Ads,524.1,12.99,6950.05
2024-11-13,Beleza_Saude,TikTok_Ads,449.67,15.43,3687.53
2024-11-13,Beleza_Saude,Organico,0.0,17.76,3340.84
2024-11-13,Esportes,Meta_Ads,567.69,5.79,7134.35
2024-11-13,Beleza_Saude,TikTok_Ads,615.93,8.77,5689.69
2024-11-14,Moda,Meta_Ads,842.85,12.98,9213.14
2024-11-14,Beleza_Saude,Email_Marketing,128.31,11.61,3783.9
2024-11-14,Esportes,Meta_Ads,784.29,6.67,7216.65
2024-11-14,Eletronicos,Organico,0.0,17.82,6987.42
2024-11-15,Beleza_Saude,Organico,0.0,10.67,3042.38
2024-11-15,Casa_Decoracao,Organico,0.0,16.1,3907.12
2024-11-15,Esportes,Meta_Ads,572.81,1.59,6619.93
2024-11-15,Casa_Decoracao,TikTok_Ads,258.44,5.17,4481.89
2024-11-15,Beleza_Saude,Organico,0.0,13.59,3038.42
2024-11-16,Beleza_Saude,Google_Ads,901.47,1.01,7829.04
2024-11-16,Eletronicos,Meta_Ads,774.14,5.33,8891.59
2024-11-16,Eletronicos,Organico,0.0,15.3,6116.22
2024-11-16,Eletronicos,TikTok_Ads,623.87,21.02,9380.78
2024-11-16,Esportes,Email_Marketing,134.73,16.94,4079.48
2024-11-16,Beleza_Saude,Email_Marketing,115.2,9.3,3873.36
2024-11-17,Moda,Email_Marketing,186.66,9.07,4316.31
2024-11-17,Beleza_Saude,Email_Marketing,123.72,3.44,3857.61
2024-11-17,Esportes,Email_Marketing,106.35,10.21,4341.12
2024-11-17,Eletronicos,Google_Ads,945.87,4.84,10645.74
2024-11-17,Moda,TikTok_Ads,642.56,8.82,7857.02
2024-11-18,Moda,Organico,0.0,4.33,4785.06
2024-11-18,Esportes,Google_Ads,651.32,9.37,7724.17
2024-11-18,Eletronicos,TikTok_Ads,670.21,7.0,10854.36
2024-11-18,Eletronicos,Google_Ads,974.85,8.0,10120.51
2024-11-18,Esportes,Email_Marketing,206.86,4.2,5152.47
2024-11-18,Eletronicos,Organico,0.0,14.55,5820.95
2024-11-19,Eletronicos,Email_Marketing,223.88,9.03,6773.62
2024-11-19,Esportes,Organico,0.0,14.24,4112.1
2024-11-19,Casa_Decoracao,Organico,0.0,6.31,3315.52
2024-11-19,Esportes,Organico,0.0,9.68,3295.18
2024-11-19,Beleza_Saude,Google_Ads,955.16,15.21,8624.46
2024-11-19,Beleza_Saude,Organico,0.0,10.88,3791.77
2024-11-20,Moda,Email_Marketing,212.38,7.1,5149.27
2024-11-20,Casa_Decoracao,TikTok_Ads,664.26,7.26,8001.72
2024-11-20,Casa_Decoracao,Meta_Ads,579.57,20.77,6590.5
2024-11-20,Casa_Decoracao,TikTok_Ads,394.94,15.44,5407.43
2024-11-20,Beleza_Saude,Google_Ads,631.71,9.61,6340.7
2024-11-20,Beleza_Saude,Meta_Ads,868.1,2.33,7319.51
2024-11-21,Casa_Decoracao,TikTok_Ads,578.11,11.04,7208.75
2024-11-21,Moda,Organico,0.0,15.32,3521.45
2024-11-21,Eletronicos,Email_Marketing,151.36,16.9,7061.8
2024-11-21,Esportes,Meta_Ads,681.2,21.02,8427.89
2024-11-21,Moda,Organico,0.0,15.29,4611.28
2024-11-22,Moda,Email_Marketing,221.17,11.43,6043.36
2024-11-22,Esportes,TikTok_Ads,504.82,9.58,5726.83
2024-11-22,Esportes,Organico,0.0,15.02,4141.87
2024-11-22,Eletronicos,Email_Marketing,163.49,17.94,5732.32
2024-11-22,Esportes,Meta_Ads,582.62,8.38,6604.19
2024-11-22,Esportes,Organico,0.0,15.65,2964.56
2024-11-23,Moda,Email_Marketing,228.29,9.87,5006.55
2024-11-23,Esportes,TikTok_Ads,607.95,11.55,7039.87
2024-11-23,Beleza_Saude,TikTok_Ads,696.87,15.79,7104.54
2024-11-23,Casa_Decoracao,Email_Marketing,212.76,16.38,4303.25
2024-11-23,Eletronicos,Meta_Ads,971.76,15.21,10575.23
2024-11-23,Casa_Decoracao,Organico,0.0,5.11,4346.21
2024-11-24,Moda,TikTok_Ads,753.35,22.3,7046.86
2024-11-24,Esportes,Google_Ads,798.25,5.58,7281.01
2024-11-24,Moda,Organico,0.0,17.39,4680.85
2024-11-24,Moda,Organico,0.0,18.31,4602.21
2024-11-24,Esportes,Meta_Ads,715.64,11.42,7452.53
2024-11-25,Eletronicos,TikTok_Ads,536.03,15.49,7796.53
2024-11-25,Esportes,Google_Ads,776.47,12.08,5313.47
2024-11-25,Esportes,Organico,0.0,13.68,3031.74
2024-11-25,Beleza_Saude,Email_Marketing,189.63,16.83,4719.52
2024-11-25,Esportes,TikTok_Ads,727.47,11.58,7880.3
2024-11-25,Beleza_Saude,Organico,0.0,24.26,4370.1
2024-11-26,Casa_Decoracao,Organico,0.0,15.86,3308.14
2024-11-26,Beleza_Saude,TikTok_Ads,566.93,23.01,4998.04
2024-11-26,Esportes,TikTok_Ads,400.42,11.03,6506.32
2024-11-26,Moda,TikTok_Ads,944.45,13.24,6853.52
2024-11-26,Eletronicos,TikTok_Ads,456.81,8.13,8703.5
2024-11-26,Eletronicos,TikTok_Ads,547.11,6.79,7222.05
2024-11-27,Esportes,Email_Marketing,136.5,10.29,4760.24
2024-11-27,Casa_Decoracao,Organico,0.0,13.87,3978.7
2024-11-27,Beleza_Saude,Organico,0.0,8.47,3678.73
2024-11-27,Esportes,Organico,0.0,8.27,2374.54
2024-11-27,Moda,Google_Ads,654.9,14.72,6855.14
2024-11-28,Casa_Decoracao,Organico,0.0,11.41,3344.79
2024-11-28,Esportes,Organico,0.0,14.37,3784.82
2024-11-28,Esportes,Google_Ads,1035.65,14.04,7077.47
2024-11-28,Moda,Email_Marketing,132.24,26.72,5696.07
2024-11-28,Moda,Email_Marketing,238.85,18.98,5714.01
2024-11-28,Moda,Google_Ads,860.28,11.82,6330.34
2024-11-29,Casa_Decoracao,TikTok_Ads,526.12,16.13,7973.39
2024-11-29,Esportes,Email_Marketing,148.63,11.24,4432.99
2024-11-29,Moda,Organico,0.0,5.01,4066.23
2024-11-29,Moda,TikTok_Ads,499.91,8.05,6462.18
2024-11-29,Beleza_Saude,Google_Ads,566.94,4.45,5929.36
2024-11-29,Eletronicos,Google_Ads,980.42,10.26,9135.07
2024-11-30,Beleza_Saude,Email_Marketing,62.93,9.24,3740.44
2024-11-30,Esportes,Organico,0.0,10.23,3727.84
2024-11-30,Moda,TikTok_Ads,311.11,3.6,4204.83
2024-11-30,Casa_Decoracao,Google_Ads,866.9,9.22,9085.83
2024-12-01,Moda,Email_Marketing,198.1,12.39,4102.67
2024-12-01,Eletronicos,Meta_Ads,593.92,12.22,6346.74
2024-12-01,Beleza_Saude,Google_Ads,1077.73,12.71,9354.04
2024-12-01,Casa_Decoracao,Meta_Ads,871.9,8.85,8729.63
2024-12-02,Esportes,TikTok_Ads,583.97,3.42,6714.87
2024-12-02,Beleza_Saude,Meta_Ads,285.69,10.62,3435.4
2024-12-02,Moda,Organico,0.0,12.35,3590.6
2024-12-02,Beleza_Saude,Email_Marketing,203.79,7.52,2244.65
2024-12-02,Casa_Decoracao,Google_Ads,902.73,3.17,6902.17
2024-12-02,Casa_Decoracao,TikTok_Ads,435.33,4.88,5235.24
2024-12-03,Beleza_Saude,Google_Ads,783.66,7.06,7235.71
2024-12-03,Esportes,Email_Marketing,123.91,13.01,3008.22
2024-12-03,Beleza_Saude,Google_Ads,961.45,12.17,10929.28
2024-12-03,Eletronicos,Google_Ads,1061.21,14.83,11168.18
2024-12-04,Beleza_Saude,Meta_Ads,575.57,14.38,5259.14
2024-12-04,Casa_Decoracao,Email_Marketing,188.31,6.72,3753.64
2024-12-04,Esportes,Meta_Ads,502.18,15.8,5574.19
2024-12-04,Beleza_Saude,Organico,0.0,8.97,3083.37
2024-12-05,Moda,Google_Ads,842.69,9.37,7675.71
2024-12-05,Moda,Email_Marketing,183.81,8.83,6392.0
2024-12-05,Esportes,TikTok_Ads,280.69,0.94,5150.88
2024-12-05,Beleza_Saude,Email_Marketing,113.1,7.16,4182.72
2024-12-06,Esportes,Organico,0.0,7.06,2823.35
2024-12-06,Eletronicos,TikTok_Ads,558.76,23.35,9180.67
2024-12-06,Beleza_Saude,Google_Ads,1009.96,6.91,8660.98
2024-12-06,Casa_Decoracao,Google_Ads,728.08,21.33,9688.2
2024-12-07,Moda,Meta_Ads,665.39,9.51,6959.59
2024-12-07,Casa_Decoracao,Email_Marketing,120.28,9.41,4544.47
2024-12-07,Esportes,Google_Ads,941.28,5.62,6945.09
2024-12-07,Esportes,Organico,0.0,11.68,2519.73
2024-12-07,Casa_Decoracao,Meta_Ads,507.18,5.07,6384.87
2024-12-08,Esportes,Email_Marketing,148.89,4.57,2760.63
2024-12-08,Eletronicos,Organico,0.0,15.08,5800.67
2024-12-08,Eletronicos,Organico,0.0,9.36,4649.99
2024-12-08,Moda,TikTok_Ads,446.07,1.4,5351.62
2024-12-08,Moda,TikTok_Ads,461.13,15.05,6545.46
2024-12-09,Eletronicos,Organico,0.0,20.4,6194.94
2024-12-09,Casa_Decoracao,Organico,0.0,4.37,2851.18
2024-12-09,Casa_Decoracao,Google_Ads,971.04,13.32,10494.65
2024-12-09,Moda,Meta_Ads,647.49,7.66,7039.24
2024-12-09,Moda,Email_Marketing,92.52,6.36,5035.9
2024-12-09,Moda,Meta_Ads,791.83,13.82,6153.47
2024-12-10,Casa_Decoracao,Meta_Ads,841.19,9.08,6604.59
2024-12-10,Esportes,Email_Marketing,151.12,8.8,5007.46
2024-12-10,Esportes,TikTok_Ads,408.15,5.0,3591.51
2024-12-10,Moda,Email_Marketing,148.85,9.19,3738.19
2024-12-11,Beleza_Saude,Google_Ads,509.24,11.84,6598.78
2024-12-11,Esportes,Organico,0.0,13.85,3292.46
2024-12-11,Moda,Meta_Ads,718.46,16.04,8142.07
2024-12-11,Esportes,Email_Marketing,158.57,10.75,3342.09
2024-12-12,Casa_Decoracao,TikTok_Ads,559.38,16.33,7208.3
2024-12-12,Eletronicos,Google_Ads,749.68,16.29,8854.52
2024-12-12,Esportes,TikTok_Ads,523.08,15.75,6793.8
2024-12-12,Esportes,Email_Marketing,172.47,14.87,3667.0
2024-12-12,Casa_Decoracao,Organico,0.0,7.45,3357.85
2024-12-12,Casa_Decoracao,TikTok_Ads,353.9,13.72,3888.33
2024-12-13,Beleza_Saude,Meta_Ads,626.19,13.37,7458.62
2024-12-13,Moda,Organico,0.0,17.98,3132.95
2024-12-13,Esportes,Email_Marketing,210.13,3.06,5119.67
2024-12-13,Moda,Meta_Ads,346.7,21.9,6348.43
2024-12-14,Moda,Email_Marketing,148.33,14.73,3780.83
2024-12-14,Esportes,Meta_Ads,560.97,13.56,5649.41
2024-12-14,Beleza_Saude,Organico,0.0,8.29,3152.58
2024-12-14,Moda,Google_Ads,779.01,6.93,7984.67
2024-12-14,Beleza_Saude,Email_Marketing,100.8,9.78,3651.98
2024-12-14,Casa_Decoracao,Google_Ads,514.53,15.12,6665.2
2024-12-15,Beleza_Saude,Google_Ads,500.03,11.97,5108.99
2024-12-15,Eletronicos,Google_Ads,693.47,16.69,10597.37
2024-12-15,Moda,Meta_Ads,942.13,10.42,8063.33
2024-12-15,Esportes,Organico,0.0,9.2,3060.53
2024-12-15,Moda,Meta_Ads,617.16,20.26,8437.16
2024-12-16,Casa_Decoracao,Email_Marketing,180.33,18.64,3885.54
2024-12-16,Esportes,Email_Marketing,172.14,12.98,4582.92
2024-12-16,Eletronicos,Google_Ads,999.79,17.78,10127.08
2024-12-16,Casa_Decoracao,Organico,0.0,12.21,3476.6
2024-12-16,Beleza_Saude,Meta_Ads,626.64,12.98,5893.61
2024-12-17,Eletronicos,Google_Ads,636.26,16.49,11011.38
2024-12-17,Casa_Decoracao,Meta_Ads,634.64,7.95,6179.72
2024-12-17,Eletronicos,TikTok_Ads,545.23,21.82,6684.14
2024-12-17,Beleza_Saude,TikTok_Ads,512.53,11.56,5430.3
2024-12-18,Esportes,Email_Marketing,160.27,8.51,3964.53
2024-12-18,Beleza_Saude,Organico,0.0,14.36,3895.71
2024-12-18,Eletronicos,Google_Ads,797.1,9.19,10669.78
2024-12-18,Moda,Email_Marketing,165.01,11.04,5248.29
2024-12-19,Beleza_Saude,Email_Marketing,150.82,13.58,4462.35
2024-12-19,Eletronicos,Google_Ads,655.03,12.27,9253.49
2024-12-19,Eletronicos,Meta_Ads,494.64,23.59,6910.66
2024-12-19,Beleza_Saude,TikTok_Ads,337.74,18.57,5653.3
2024-12-19,Moda,Meta_Ads,483.28,15.04,8178.54
2024-12-19,Eletronicos,Organico,0.0,24.99,4476.01
2024-12-20,Moda,Meta_Ads,602.8,14.22,8202.55
2024-12-20,Beleza_Saude,Organico,0.0,17.2,2747.72
2024-12-20,Eletronicos,Email_Marketing,141.46,7.3,5844.17
2024-12-20,Esportes,Organico,0.0,12.54,4711.42
2024-12-21,Eletronicos,Organico,0.0,18.65,5653.62
2024-12-21,Moda,Organico,0.0,16.84,3685.15
2024-12-21,Esportes,Organico,0.0,7.41,2689.25
2024-12-21,Beleza_Saude,Google_Ads,859.2,11.87,5681.94
2024-12-21,Esportes,Google_Ads,1083.06,9.93,9647.1
2024-12-21,Moda,Google_Ads,1121.04,13.24,11921.4
2024-12-22,Esportes,Organico,0.0,15.3,3475.54
2024-12-22,Casa_Decoracao,Email_Marketing,166.91,14.35,4290.2
2024-12-22,Esportes,Meta_Ads,561.84,19.68,4135.88
2024-12-22,Moda,TikTok_Ads,407.34,10.98,6673.61
2024-12-22,Beleza_Saude,Email_Marketing,192.58,21.28,4319.35
2024-12-23,Casa_Decoracao,Google_Ads,795.05,13.4,8998.56
2024-12-23,Eletronicos,Email_Marketing,174.24,23.56,6843.59
2024-12-23,Moda,TikTok_Ads,390.88,10.9,5776.59
2024-12-23,Moda,Meta_Ads,638.9,7.09,8051.81
2024-12-23,Beleza_Saude,Organico,0.0,5.68,3481.66
2024-12-24,Esportes,Google_Ads,708.22,6.91,7784.49
2024-12-24,Beleza_Saude,Meta_Ads,781.67,6.22,7786.77
2024-12-24,Moda,TikTok_Ads,690.85,21.51,11566.98
2024-12-24,Beleza_Saude,Meta_Ads,503.43,26.12,5921.89
2024-12-24,Moda,Email_Marketing,127.78,13.64,4350.44
2024-12-24,Moda,Meta_Ads,714.84,5.4,7249.42
2024-12-25,Moda,Google_Ads,1066.09,11.4,7685.82
2024-12-25,Esportes,TikTok_Ads,439.29,4.56,4528.18
2024-12-25,Casa_Decoracao,TikTok_Ads,548.6,6.13,7317.16
2024-12-25,Beleza_Saude,Google_Ads,785.78,12.43,6991.96
2024-12-25,Beleza_Saude,TikTok_Ads,596.61,15.92,6746.11
2024-12-25,Beleza_Saude,Google_Ads,912.96,10.94,8542.61
2024-12-26,Casa_Decoracao,Email_Marketing,199.15,17.86,3895.54
2024-12-26,Esportes,Meta_Ads,859.5,10.41,8526.07
2024-12-26,Esportes,TikTok_Ads,386.72,12.71,5685.18
2024-12-26,Moda,Google_Ads,503.08,15.04,8183.3
2024-12-26,Moda,Organico,0.0,18.8,4086.71
2024-12-26,Casa_Decoracao,Email_Marketing,181.86,0.91,5825.02
2024-12-27,Moda,Google_Ads,1110.77,16.16,7710.41
2024-12-27,Casa_Decoracao,Meta_Ads,602.59,13.78,7401.3
2024-12-27,Eletronicos,Email_Marketing,140.54,8.8,6315.78
2024-12-27,Esportes,Organico,0.0,17.5,4456.38
2024-12-28,Eletronicos,Meta_Ads,717.69,11.94,9277.07
2024-12-28,Moda,Email_Marketing,167.42,7.5,4035.5
2024-12-28,Moda,TikTok_Ads,530.14,3.36,6253.36
2024-12-28,Eletronicos,Google_Ads,1293.29,5.26,11182.14
2024-12-28,Beleza_Saude,Email_Marketing,70.39,10.83,4530.36
2024-12-28,Eletronicos,Email_Marketing,167.51,8.93,8488.99
2024-12-29,Casa_Decoracao,Google_Ads,891.84,10.53,7771.42
2024-12-29,Casa_Decoracao,Meta_Ads,680.14,11.86,8599.12
2024-12-29,Eletronicos,TikTok_Ads,539.78,17.48,9521.67
2024-12-29,Moda,Organico,0.0,9.21,3960.07
2024-12-30,Beleza_Saude,Email_Marketing,175.43,15.34,4866.35
2024-12-30,Moda,Organico,0.0,16.46,3998.05
2024-12-30,Esportes,Organico,0.0,7.26,2576.54
2024-12-30,Esportes,Email_Marketing,133.45,13.56,3984.91
2024-12-31,Casa_Decoracao,Email_Marketing,82.05,7.25,2077.53
2024-12-31,Beleza_Saude,TikTok_Ads,482.88,6.29,5555.83
2024-12-31,Esportes,TikTok_Ads,296.86,12.41,4639.67
2024-12-31,Moda,Google_Ads,1100.39,19.06,11424.65
2025-01-01,Moda,Email_Marketing,140.23,13.85,3015.57
2025-01-01,Beleza_Saude,Google_Ads,869.85,8.41,5029.01
2025-01-01,Eletronicos,Google_Ads,825.3,4.1,5320.63
2025-01-01,Beleza_Saude,Organico,0.0,7.46,1731.59
2025-01-01,Casa_Decoracao,Meta_Ads,749.69,8.87,4649.32
2025-01-01,Casa_Decoracao,Organico,0.0,8.1,2028.56
2025-01-02,Esportes,Google_Ads,897.9,10.29,5110.14
2025-01-02,Esportes,Organico,0.0,22.14,2063.1
2025-01-02,Esportes,Meta_Ads,421.11,20.96,2784.57
2025-01-02,Esportes,Meta_Ads,406.83,20.83,4075.03
2025-01-02,Beleza_Saude,TikTok_Ads,560.61,11.75,3563.61
2025-01-03,Eletronicos,Organico,0.0,12.39,4338.04
2025-01-03,Casa_Decoracao,Email_Marketing,164.08,9.22,2587.82
2025-01-03,Beleza_Saude,TikTok_Ads,560.85,13.14,4048.96
2025-01-03,Moda,Email_Marketing,164.14,10.74,2724.51
2025-01-04,Beleza_Saude,Google_Ads,682.09,11.22,3768.25
2025-01-04,Esportes,TikTok_Ads,553.61,18.02,4372.22
2025-01-04,Eletronicos,Email_Marketing,184.56,9.07,3937.41
2025-01-04,Esportes,TikTok_Ads,428.33,12.54,4080.53
2025-01-05,Moda,Organico,0.0,6.93,2511.96
2025-01-05,Eletronicos,Google_Ads,753.55,12.05,6817.69
2025-01-05,Moda,Google_Ads,563.95,14.09,4299.67
2025-01-05,Beleza_Saude,Organico,0.0,16.43,2219.48
2025-01-05,Eletronicos,Email_Marketing,114.51,11.09,3921.63
2025-01-06,Esportes,Google_Ads,638.04,12.53,3871.31
2025-01-06,Moda,Organico,0.0,8.82,2698.09
2025-01-06,Beleza_Saude,Google_Ads,1078.8,10.11,4829.84
2025-01-06,Beleza_Saude,Organico,0.0,3.09,1935.57
2025-01-06,Moda,TikTok_Ads,303.08,18.11,3410.05
2025-01-06,Eletronicos,Meta_Ads,635.25,8.38,4066.62
2025-01-07,Eletronicos,Meta_Ads,541.89,13.6,4991.83
2025-01-07,Eletronicos,Meta_Ads,857.25,7.96,5787.41
2025-01-07,Moda,Meta_Ads,792.38,13.54,5906.54
2025-01-07,Beleza_Saude,Email_Marketing,133.63,18.32,1817.83
2025-01-07,Eletronicos,Google_Ads,475.24,18.4,5114.82
2025-01-08,Beleza_Saude,Email_Marketing,184.53,14.04,2878.57
2025-01-08,Casa_Decoracao,Meta_Ads,336.99,7.89,2979.95
2025-01-08,Casa_Decoracao,TikTok_Ads,398.65,4.27,3517.39
2025-01-08,Casa_Decoracao,Email_Marketing,201.97,11.94,3105.12
2025-01-08,Moda,Meta_Ads,643.09,9.79,5069.73
2025-01-08,Esportes,Google_Ads,514.36,2.68,2741.34
2025-01-09,Beleza_Saude,Meta_Ads,788.71,6.61,4516.39
2025-01-09,Eletronicos,TikTok_Ads,577.87,15.21,4722.26
2025-01-09,Casa_Decoracao,Meta_Ads,491.03,9.47,3832.79
2025-01-09,Casa_Decoracao,Email_Marketing,205.71,1.76,2591.29
2025-01-09,Eletronicos,TikTok_Ads,333.42,3.74,4892.96
2025-01-10,Esportes,Meta_Ads,579.7,22.93,3984.43
2025-01-10,Beleza_Saude,Email_Marketing,177.57,12.03,1792.64
2025-01-10,Casa_Decoracao,Organico,0.0,9.11,2492.27
2025-01-10,Casa_Decoracao,Email_Marketing,179.56,16.57,2411.11
2025-01-11,Eletronicos,Organico,0.0,6.52,3175.58
2025-01-11,Eletronicos,Google_Ads,557.99,10.04,5115.05
2025-01-11,Eletronicos,Meta_Ads,652.48,10.18,5713.87
2025-01-11,Moda,Meta_Ads,674.02,11.55,4166.61
2025-01-11,Beleza_Saude,Meta_Ads,823.59,13.93,3875.96
2025-01-11,Casa_Decoracao,Organico,0.0,16.38,2213.05
2025-01-12,Beleza_Saude,TikTok_Ads,523.8,8.27,3584.81
2025-01-12,Casa_Decoracao,Google_Ads,1069.11,14.19,6766.48
2025-01-12,Casa_Decoracao,TikTok_Ads,373.57,17.44,4356.51
2025-01-12,Beleza_Saude,Organico,0.0,23.61,1775.77
2025-01-12,Eletronicos,TikTok_Ads,420.15,15.25,4883.02
2025-01-13,Beleza_Saude,Meta_Ads,529.28,15.07,2626.53
2025-01-13,Eletronicos,Google_Ads,725.16,14.45,5929.17
2025-01-13,Esportes,Organico,0.0,12.58,2015.94
2025-01-13,Eletronicos,Google_Ads,767.37,17.46,6673.33
2025-01-13,Esportes,Google_Ads,880.95,12.44,4470.74
2025-01-13,Eletronicos,Google_Ads,738.65,17.32,6810.1
2025-01-14,Eletronicos,Google_Ads,670.29,19.24,6373.46
2025-01-14,Eletronicos,Organico,0.0,12.94,3719.02
2025-01-14,Casa_Decoracao,Email_Marketing,145.87,9.94,2911.86
2025-01-14,Moda,Email_Marketing,141.55,6.06,3424.21
2025-01-15,Casa_Decoracao,Email_Marketing,79.88,12.03,2490.15
2025-01-15,Beleza_Saude,Meta_Ads,286.84,16.54,2426.73
2025-01-15,Beleza_Saude,Email_Marketing,118.8,9.36,1561.09
2025-01-15,Casa_Decoracao,TikTok_Ads,427.18,8.74,3286.98
2025-01-15,Moda,Meta_Ads,373.56,16.64,3970.09
2025-01-15,Eletronicos,Organico,0.0,9.09,3783.99
2025-01-16,Eletronicos,Email_Marketing,140.34,11.75,4469.94
2025-01-16,Beleza_Saude,Google_Ads,1204.66,18.81,5910.51
2025-01-16,Esportes,Organico,0.0,14.79,1776.24
2025-01-16,Esportes,TikTok_Ads,511.82,8.72,2938.16
2025-01-16,Moda,Email_Marketing,105.97,11.26,3101.92
2025-01-17,Esportes,TikTok_Ads,471.43,11.99,3647.75
2025-01-17,Casa_Decoracao,Email_Marketing,114.59,11.66,2427.45
2025-01-17,Casa_Decoracao,Email_Marketing,190.68,7.02,2710.07
2025-01-17,Eletronicos,Google_Ads,662.92,21.31,6916.51
2025-01-17,Esportes,Email_Marketing,88.41,8.02,2578.08
2025-01-17,Esportes,Email_Marketing,167.15,14.13,2688.9
2025-01-18,Eletronicos,Google_Ads,309.4,3.15,4159.65
2025-01-18,Beleza_Saude,Google_Ads,837.3,4.94,3694.43
2025-01-18,Casa_Decoracao,Meta_Ads,648.69,16.86,3577.99
2025-01-18,Eletronicos,Email_Marketing,164.22,3.31,3926.62
2025-01-18,Moda,Meta_Ads,772.82,14.62,5742.53
2025-01-18,Esportes,Google_Ads,985.55,21.23,5550.72
2025-01-19,Eletronicos,Google_Ads,920.44,12.45,6178.67
2025-01-19,Moda,Email_Marketing,151.5,7.3,2699.35
2025-01-19,Eletronicos,TikTok_Ads,332.53,9.25,4100.07
2025-01-19,Eletronicos,Email_Marketing,181.7,10.34,3693.23
2025-01-19,Casa_Decoracao,TikTok_Ads,527.51,12.9,3544.02
2025-01-19,Esportes,Email_Marketing,164.78,11.11,2335.01
2025-01-20,Moda,Meta_Ads,346.78,17.46,3597.95
2025-01-20,Casa_Decoracao,Meta_Ads,709.8,15.46,4225.62
2025-01-20,Eletronicos,Google_Ads,903.43,8.26,6524.9
2025-01-20,Moda,Meta_Ads,653.2,9.89,4521.36
2025-01-20,Casa_Decoracao,Google_Ads,588.96,13.55,4354.26
2025-01-20,Eletronicos,Email_Marketing,162.96,19.51,4043.77
2025-01-21,Eletronicos,Meta_Ads,371.37,12.56,3966.93
2025-01-21,Esportes,Organico,0.0,7.23,2293.41
2025-01-21,Esportes,TikTok_Ads,498.56,2.86,2999.92
2025-01-21,Casa_Decoracao,Email_Marketing,181.79,15.96,2276.73
2025-01-21,Beleza_Saude,Email_Marketing,208.61,11.88,2919.08
2025-01-21,Eletronicos,Google_Ads,557.63,9.72,5449.09
2025-01-22,Moda,TikTok_Ads,643.63,8.88,5121.64
2025-01-22,Esportes,Google_Ads,695.73,11.21,4137.02
2025-01-22,Casa_Decoracao,Meta_Ads,487.81,3.32,4214.45
2025-01-22,Eletronicos,Meta_Ads,535.88,10.65,4529.74
2025-01-22,Casa_Decoracao,Google_Ads,748.67,9.47,5375.03
2025-01-23,Beleza_Saude,TikTok_Ads,426.19,14.42,2943.86
2025-01-23,Esportes,TikTok_Ads,615.08,18.14,3987.85
2025-01-23,Casa_Decoracao,Organico,0.0,12.5,2903.58
2025-01-23,Moda,TikTok_Ads,367.71,9.37,3610.29
2025-01-23,Eletronicos,TikTok_Ads,567.71,2.07,5904.14
2025-01-24,Beleza_Saude,Organico,0.0,11.89,1877.65
2025-01-24,Moda,Email_Marketing,114.62,9.11,2650.47
2025-01-24,Eletronicos,Meta_Ads,660.64,19.99,3950.96
2025-01-24,Moda,Meta_Ads,868.55,6.94,5002.44
2025-01-24,Eletronicos,Meta_Ads,532.29,21.27,4976.51
2025-01-24,Casa_Decoracao,Meta_Ads,734.74,14.87,3801.89
2025-01-25,Moda,Meta_Ads,596.2,17.82,5684.2
2025-01-25,Moda,Organico,0.0,5.31,2212.34
2025-01-25,Eletronicos,Organico,0.0,14.66,2820.41
2025-01-25,Beleza_Saude,TikTok_Ads,584.87,7.43,4162.96
2025-01-25,Moda,TikTok_Ads,567.37,7.41,4118.84
2025-01-26,Eletronicos,TikTok_Ads,653.09,19.21,5883.58
2025-01-26,Eletronicos,Google_Ads,417.34,11.75,5051.95
2025-01-26,Moda,TikTok_Ads,374.36,10.68,2932.25
2025-01-26,Moda,Google_Ads,677.46,16.56,5222.26
2025-01-27,Moda,Meta_Ads,423.28,9.0,4127.29
2025-01-27,Beleza_Saude,Email_Marketing,176.1,3.64,2514.5
2025-01-27,Moda,Organico,0.0,12.63,2241.62
2025-01-27,Beleza_Saude,Email_Marketing,147.68,17.75,2502.69
2025-01-27,Moda,Google_Ads,791.51,9.6,5693.89
2025-01-28,Casa_Decoracao,Email_Marketing,139.39,17.26,2914.19
2025-01-28,Casa_Decoracao,Email_Marketing,217.18,9.79,3203.9
2025-01-28,Beleza_Saude,Google_Ads,442.64,26.46,4022.31
2025-01-28,Beleza_Saude,TikTok_Ads,462.96,10.7,3240.71
2025-01-28,Eletronicos,TikTok_Ads,730.0,16.49,5497.95
2025-01-29,Casa_Decoracao,Meta_Ads,448.69,6.86,3961.37
2025-01-29,Casa_Decoracao,TikTok_Ads,545.67,19.73,3604.08
2025-01-29,Eletronicos,Email_Marketing,89.76,14.99,3923.36
2025-01-29,Beleza_Saude,Email_Marketing,157.59,6.76,2617.96
2025-01-29,Moda,Email_Marketing,126.25,13.01,2680.59
2025-01-30,Beleza_Saude,TikTok_Ads,308.34,12.16,2409.4
2025-01-30,Eletronicos,TikTok_Ads,517.55,13.92,5742.47
2025-01-30,Eletronicos,Google_Ads,897.98,10.32,5518.35
2025-01-30,Casa_Decoracao,Email_Marketing,62.16,12.34,2797.57
2025-01-30,Esportes,Google_Ads,821.68,11.58,4759.61
2025-01-30,Casa_Decoracao,Meta_Ads,587.0,12.97,3833.17
2025-01-31,Moda,Google_Ads,969.66,15.24,5772.04
2025-01-31,Beleza_Saude,TikTok_Ads,571.75,13.23,3682.35
2025-01-31,Eletronicos,Email_Marketing,164.67,19.23,4392.61
2025-01-31,Eletronicos,Google_Ads,843.59,7.61,7222.67
2025-02-01,Eletronicos,Google_Ads,1020.24,12.59,6957.04
2025-02-01,Beleza_Saude,Meta_Ads,485.24,1.13,2559.26
2025-02-01,Esportes,Organico,0.0,5.2,1885.53
2025-02-01,Eletronicos,Organico,0.0,16.69,2996.91
2025-02-02,Esportes,Meta_Ads,576.68,11.35,4045.31
2025-02-02,Moda,TikTok_Ads,264.95,4.15,2858.16
2025-02-02,Moda,Google_Ads,841.43,10.8,6242.1
2025-02-02,Eletronicos,Organico,0.0,8.24,4107.89
2025-02-02,Esportes,Email_Marketing,154.92,16.42,3409.48
2025-02-02,Esportes,Email_Marketing,123.98,11.5,2339.15
2025-02-03,Casa_Decoracao,Google_Ads,247.26,20.1,2538.25
2025-02-03,Beleza_Saude,TikTok_Ads,464.17,10.11,3978.45
2025-02-03,Esportes,Organico,0.0,5.54,2378.25
2025-02-03,Casa_Decoracao,TikTok_Ads,667.3,12.1,4921.29
2025-02-03,Beleza_Saude,TikTok_Ads,629.1,10.74,3800.18
2025-02-03,Beleza_Saude,TikTok_Ads,573.67,3.86,3382.87
2025-02-04,Moda,Google_Ads,812.65,10.62,4141.73
2025-02-04,Moda,Meta_Ads,354.96,9.43,4017.32
2025-02-04,Beleza_Saude,Google_Ads,1051.24,17.94,4775.24
2025-02-04,Eletronicos,Email_Marketing,106.74,14.48,4172.55
2025-02-04,Esportes,TikTok_Ads,550.02,1.93,3123.1
2025-02-05,Eletronicos,Organico,0.0,17.02,4539.04
2025-02-05,Beleza_Saude,TikTok_Ads,306.95,6.79,2898.13
2025-02-05,Moda,Organico,0.0,13.2,2677.38
2025-02-05,Moda,Google_Ads,940.13,14.56,5092.21
2025-02-05,Moda,TikTok_Ads,477.29,6.1,4119.18
2025-02-05,Beleza_Saude,Google_Ads,1120.67,14.31,4979.07
2025-02-06,Beleza_Saude,Meta_Ads,811.65,11.65,4299.69
2025-02-06,Beleza_Saude,Organico,0.0,8.29,1777.19
2025-02-06,Esportes,TikTok_Ads,515.18,9.5,4007.08
2025-02-06,Esportes,Google_Ads,1173.81,8.23,4254.88
2025-02-06,Eletronicos,Organico,0.0,11.25,3064.14
2025-02-07,Beleza_Saude,Meta_Ads,461.9,14.36,5052.45
2025-02-07,Moda,TikTok_Ads,638.2,11.48,5189.85
2025-02-07,Esportes,Google_Ads,613.7,8.18,3876.36
2025-02-07,Casa_Decoracao,Google_Ads,817.56,5.53,4408.29
2025-02-07,Esportes,Organico,0.0,19.71,1723.76
2025-02-08,Eletronicos,Organico,0.0,9.86,3329.46
2025-02-08,Casa_Decoracao,Google_Ads,837.21,18.51,4120.23
2025-02-08,Eletronicos,Google_Ads,642.75,5.34,5600.86
2025-02-08,Esportes,TikTok_Ads,637.67,4.9,3973.64
2025-02-08,Eletronicos,Google_Ads,1005.8,15.92,7554.9
2025-02-09,Casa_Decoracao,Meta_Ads,673.06,9.25,4348.2
2025-02-09,Esportes,Meta_Ads,566.86,13.24,3786.89
2025-02-09,Esportes,TikTok_Ads,308.76,11.31,2822.43
2025-02-09,Casa_Decoracao,Email_Marketing,173.83,16.4,2594.31
2025-02-09,Beleza_Saude,Organico,0.0,3.6,1600.88
2025-02-09,Casa_Decoracao,Meta_Ads,597.47,5.3,4466.65
2025-02-10,Moda,Organico,0.0,18.76,1752.86
2025-02-10,Eletronicos,Meta_Ads,543.64,12.66,5613.07
2025-02-10,Beleza_Saude,TikTok_Ads,317.14,14.16,2706.37
2025-02-10,Esportes,Google_Ads,428.98,8.25,3604.71
2025-02-11,Moda,TikTok_Ads,496.14,19.13,4103.37
2025-02-11,Moda,Meta_Ads,489.7,13.58,4740.85
2025-02-11,Casa_Decoracao,Meta_Ads,515.78,14.95,3840.51
2025-02-11,Moda,Email_Marketing,166.93,13.57,2831.25
2025-02-11,Casa_Decoracao,Email_Marketing,146.02,10.23,2673.12
2025-02-12,Esportes,Meta_Ads,512.51,9.94,3281.59
2025-02-12,Eletronicos,Meta_Ads,681.62,11.21,6160.38
2025-02-12,Moda,Organico,0.0,4.31,2015.38
2025-02-12,Moda,Meta_Ads,621.87,11.79,3857.8
2025-02-13,Beleza_Saude,TikTok_Ads,663.0,17.84,5150.6
2025-02-13,Eletronicos,Organico,0.0,16.01,3894.72
2025-02-13,Beleza_Saude,Email_Marketing,190.25,14.49,1810.85
2025-02-13,Moda,Meta_Ads,624.74,6.22,4177.72
2025-02-14,Esportes,Meta_Ads,809.25,13.3,4253.99
2025-02-14,Moda,Meta_Ads,942.01,19.65,4828.37
2025-02-14,Esportes,Email_Marketing,115.81,8.07,2667.51
2025-02-14,Eletronicos,Google_Ads,1167.03,9.47,7216.43
2025-02-14,Eletronicos,Google_Ads,649.48,20.5,6460.8
2025-02-14,Beleza_Saude,Google_Ads,635.07,1.49,4284.13
2025-02-15,Moda,Meta_Ads,556.97,10.23,3769.35
2025-02-15,Eletronicos,Email_Marketing,154.36,14.01,5014.24
2025-02-15,Eletronicos,Organico,0.0,19.46,3305.0
2025-02-15,Eletronicos,TikTok_Ads,645.65,10.09,4672.48
2025-02-16,Esportes,Email_Marketing,114.03,10.18,2572.88
2025-02-16,Beleza_Saude,Email_Marketing,157.95,8.51,2814.63
2025-02-16,Beleza_Saude,Meta_Ads,456.75,6.84,3601.03
2025-02-16,Beleza_Saude,Organico,0.0,9.11,1999.18
2025-02-17,Beleza_Saude,Organico,0.0,14.27,1488.05
2025-02-17,Esportes,TikTok_Ads,509.9,12.79,3481.57
2025-02-17,Beleza_Saude,Email_Marketing,161.75,13.39,2414.86
2025-02-17,Eletronicos,TikTok_Ads,374.47,11.87,5898.18
2025-02-17,Beleza_Saude,Meta_Ads,586.25,17.24,3916.77
2025-02-17,Beleza_Saude,Email_Marketing,119.97,10.52,2271.32
2025-02-18,Casa_Decoracao,Email_Marketing,174.57,19.99,2547.69
2025-02-18,Moda,TikTok_Ads,676.24,12.17,4012.38
2025-02-18,Moda,Email_Marketing,203.0,5.97,2644.2
2025-02-18,Casa_Decoracao,Organico,0.0,12.4,2281.9
2025-02-18,Esportes,Organico,0.0,6.0,1787.53
2025-02-18,Beleza_Saude,Google_Ads,1064.08,5.32,6368.63
2025-02-19,Moda,Google_Ads,863.17,20.6,5904.47
2025-02-19,Eletronicos,Email_Marketing,145.17,18.08,4102.78
2025-02-19,Beleza_Saude,Meta_Ads,909.95,8.64,3911.48
2025-02-19,Moda,Google_Ads,399.93,11.47,3034.89
2025-02-19,Moda,Organico,0.0,17.17,1877.54
2025-02-19,Beleza_Saude,TikTok_Ads,512.94,11.58,3590.07
2025-02-20,Casa_Decoracao,Meta_Ads,874.92,3.2,5193.89
2025-02-20,Beleza_Saude,Google_Ads,1095.27,0.0,5016.67
2025-02-20,Casa_Decoracao,Organico,0.0,12.36,2753.85
2025-02-20,Casa_Decoracao,Meta_Ads,525.91,6.08,3780.36
2025-02-21,Esportes,Email_Marketing,192.16,14.32,2370.96
2025-02-21,Esportes,Email_Marketing,160.47,11.2,2403.16
2025-02-21,Eletronicos,TikTok_Ads,401.77,12.61,4526.29
2025-02-21,Esportes,Meta_Ads,696.26,16.1,4520.46
2025-02-22,Eletronicos,Email_Marketing,159.33,1.31,3581.39
2025-02-22,Casa_Decoracao,Meta_Ads,767.52,11.31,4792.98
2025-02-22,Moda,Organico,0.0,10.29,2703.74
2025-02-22,Eletronicos,Meta_Ads,886.84,4.38,5669.7
2025-02-22,Eletronicos,Meta_Ads,1028.56,12.85,6694.08
2025-02-23,Casa_Decoracao,Email_Marketing,150.71,0.01,2252.23
2025-02-23,Moda,Meta_Ads,633.69,11.16,3618.95
2025-02-23,Moda,TikTok_Ads,443.94,17.9,4588.49
2025-02-23,Beleza_Saude,Google_Ads,819.12,11.66,4407.63
2025-02-23,Eletronicos,Meta_Ads,688.4,12.51,5902.22
2025-02-24,Eletronicos,Google_Ads,900.36,15.16,5664.33
2025-02-24,Moda,TikTok_Ads,606.86,9.03,4532.3
2025-02-24,Moda,Meta_Ads,571.62,11.4,3687.34
2025-02-24,Casa_Decoracao,Google_Ads,648.04,14.72,4774.89
2025-02-25,Esportes,TikTok_Ads,448.23,7.1,3378.67
2025-02-25,Casa_Decoracao,Organico,0.0,9.93,2316.97
2025-02-25,Beleza_Saude,Email_Marketing,155.44,17.29,2590.07
2025-02-25,Casa_Decoracao,TikTok_Ads,544.12,8.44,3076.49
2025-02-26,Eletronicos,Organico,0.0,25.84,3542.8
2025-02-26,Moda,Organico,0.0,19.47,2798.02
2025-02-26,Moda,Email_Marketing,121.26,7.33,3052.7
2025-02-26,Esportes,Email_Marketing,140.74,2.37,2998.2
2025-02-27,Beleza_Saude,Email_Marketing,133.73,19.7,2284.26
2025-02-27,Esportes,TikTok_Ads,584.86,12.65,3704.03
2025-02-27,Eletronicos,Google_Ads,968.15,8.0,6389.99
2025-02-27,Esportes,Google_Ads,851.47,13.11,4237.46
2025-02-27,Casa_Decoracao,TikTok_Ads,757.45,18.31,5473.04
2025-02-28,Beleza_Saude,TikTok_Ads,336.84,9.31,3405.1
2025-02-28,Eletronicos,Meta_Ads,813.98,13.3,5645.0
2025-02-28,Casa_Decoracao,Organico,0.0,18.18,2122.6
2025-02-28,Esportes,Email_Marketing,95.44,14.25,2710.95
2025-02-28,Moda,Organico,0.0,19.83,3172.49
2025-02-28,Moda,Meta_Ads,600.37,12.99,4071.65
2025-03-01,Beleza_Saude,Organico,0.0,8.06,2543.4
2025-03-01,Eletronicos,Email_Marketing,119.76,20.74,3301.67
2025-03-01,Eletronicos,Organico,0.0,15.11,4812.4
2025-03-01,Beleza_Saude,TikTok_Ads,415.38,7.71,3800.94
2025-03-02,Casa_Decoracao,Meta_Ads,660.64,16.14,5318.41
2025-03-02,Beleza_Saude,Meta_Ads,508.35,11.01,4219.65
2025-03-02,Esportes,Meta_Ads,800.95,13.12,4984.0
2025-03-02,Esportes,Meta_Ads,807.0,13.9,6772.52
2025-03-02,Esportes,Meta_Ads,664.18,6.81,5602.31
2025-03-03,Esportes,Organico,0.0,15.49,2783.95
2025-03-03,Eletronicos,Google_Ads,1012.18,16.94,6248.99
2025-03-03,Eletronicos,TikTok_Ads,173.35,9.43,4578.73
2025-03-03,Moda,Email_Marketing,127.0,9.7,3159.71
2025-03-04,Eletronicos,Email_Marketing,171.65,10.53,4316.75
2025-03-04,Beleza_Saude,Organico,0.0,3.1,2666.13
2025-03-04,Moda,Email_Marketing,114.01,1.41,3120.54
2025-03-04,Eletronicos,TikTok_Ads,452.82,11.11,5957.32
2025-03-04,Beleza_Saude,Google_Ads,928.97,20.43,5385.57
2025-03-05,Casa_Decoracao,Organico,0.0,13.79,2479.46
2025-03-05,Beleza_Saude,TikTok_Ads,474.41,11.86,3785.6
2025-03-05,Beleza_Saude,Email_Marketing,179.14,6.65,2503.28
2025-03-05,Esportes,Organico,0.0,10.16,1990.14
2025-03-05,Beleza_Saude,Meta_Ads,736.44,9.14,4308.83
2025-03-05,Esportes,Meta_Ads,621.66,7.53,4602.16
2025-03-06,Eletronicos,TikTok_Ads,528.27,13.13,5474.24
2025-03-06,Esportes,Organico,0.0,7.28,2835.38
2025-03-06,Esportes,Email_Marketing,159.66,6.76,2978.06
2025-03-06,Beleza_Saude,Organico,0.0,0.78,2534.1
2025-03-06,Beleza_Saude,Meta_Ads,489.19,22.45,4841.71
2025-03-06,Eletronicos,Organico,0.0,10.43,4536.09
2025-03-07,Casa_Decoracao,Email_Marketing,78.5,19.05,3188.23
2025-03-07,Eletronicos,Organico,0.0,8.87,4892.12
2025-03-07,Beleza_Saude,Organico,0.0,14.45,2031.75
2025-03-07,Moda,Google_Ads,1122.84,12.15,7432.37
2025-03-07,Eletronicos,Email_Marketing,152.74,8.17,4710.23
2025-03-07,Esportes,Organico,0.0,9.79,2465.83
2025-03-08,Eletronicos,Organico,0.0,10.39,3490.61
2025-03-08,Moda,TikTok_Ads,417.17,14.05,4351.49
2025-03-08,Moda,Organico,0.0,15.02,3393.44
2025-03-08,Beleza_Saude,TikTok_Ads,648.96,8.94,5243.29
2025-03-09,Casa_Decoracao,Meta_Ads,669.6,17.22,5692.07
2025-03-09,Beleza_Saude,Google_Ads,712.95,4.96,4927.15
2025-03-09,Moda,Google_Ads,501.58,18.48,4829.13
2025-03-09,Casa_Decoracao,Email_Marketing,194.82,9.6,3390.81
2025-03-09,Casa_Decoracao,Organico,0.0,11.77,2402.8
2025-03-10,Moda,Email_Marketing,164.72,8.82,3125.42
2025-03-10,Casa_Decoracao,Google_Ads,757.79,10.73,5393.78
2025-03-10,Moda,Email_Marketing,147.96,18.39,2474.51
2025-03-10,Beleza_Saude,Meta_Ads,689.81,12.36,4751.37
2025-03-10,Eletronicos,TikTok_Ads,411.77,11.25,4183.81
2025-03-10,Casa_Decoracao,Meta_Ads,683.59,13.94,4644.95
2025-03-11,Moda,Meta_Ads,965.36,17.15,8697.83
2025-03-11,Eletronicos,TikTok_Ads,619.22,22.86,5797.89
2025-03-11,Eletronicos,Organico,0.0,6.06,4143.76
2025-03-11,Moda,Email_Marketing,156.59,11.24,3887.97
2025-03-12,Moda,Meta_Ads,850.25,8.01,6857.47
2025-03-12,Beleza_Saude,TikTok_Ads,338.81,10.49,3664.87
2025-03-12,Moda,Email_Marketing,128.48,15.92,3156.03
2025-03-12,Eletronicos,Meta_Ads,878.9,11.37,8026.11
2025-03-13,Casa_Decoracao,TikTok_Ads,593.25,9.85,6169.17
2025-03-13,Esportes,Email_Marketing,94.79,15.67,2581.04
2025-03-13,Eletronicos,TikTok_Ads,458.03,10.41,5002.15
2025-03-13,Casa_Decoracao,Organico,0.0,18.95,2861.37
2025-03-13,Moda,TikTok_Ads,512.92,7.07,5049.12
2025-03-14,Casa_Decoracao,Google_Ads,952.66,11.31,5511.71
2025-03-14,Esportes,Google_Ads,584.46,19.52,4873.11
2025-03-14,Eletronicos,Google_Ads,857.65,17.83,8131.72
2025-03-14,Moda,Google_Ads,774.52,15.72,5368.29
2025-03-15,Esportes,Google_Ads,421.08,5.39,4641.26
2025-03-15,Beleza_Saude,Meta_Ads,659.72,17.88,5015.45
2025-03-15,Eletronicos,TikTok_Ads,806.99,14.19,8493.2
2025-03-15,Moda,Organico,0.0,13.05,3191.79
2025-03-16,Beleza_Saude,Google_Ads,1003.08,6.14,6713.74
2025-03-16,Eletronicos,Organico,0.0,13.81,3750.19
2025-03-16,Esportes,Email_Marketing,156.83,16.46,2509.3
2025-03-16,Eletronicos,Email_Marketing,124.5,12.92,6135.17
2025-03-16,Moda,Organico,0.0,22.2,3979.58
2025-03-16,Eletronicos,Organico,0.0,10.51,3572.62
2025-03-17,Eletronicos,Email_Marketing,159.92,12.32,4477.72
2025-03-17,Moda,Google_Ads,741.45,14.51,5731.16
2025-03-17,Eletronicos,Google_Ads,862.99,13.07,8532.05
2025-03-17,Casa_Decoracao,Google_Ads,935.4,12.96,7508.07
2025-03-17,Eletronicos,Google_Ads,884.05,18.52,8297.27
2025-03-18,Beleza_Saude,TikTok_Ads,269.76,11.43,3066.29
2025-03-18,Eletronicos,Email_Marketing,115.32,13.34,4612.06
2025-03-18,Beleza_Saude,Email_Marketing,164.57,6.86,2117.01
2025-03-18,Eletronicos,Organico,0.0,19.42,3542.42
2025-03-18,Esportes,Email_Marketing,209.6,13.42,3220.43
2025-03-18,Moda,Google_Ads,720.49,5.08,6178.01
2025-03-19,Eletronicos,Meta_Ads,523.96,14.42,5792.46
2025-03-19,Casa_Decoracao,Organico,0.0,10.86,2467.89
2025-03-19,Eletronicos,Organico,0.0,12.62,4406.05
2025-03-19,Casa_Decoracao,Meta_Ads,845.58,4.55,5302.8
2025-03-19,Moda,Meta_Ads,722.59,14.94,5703.24
2025-03-20,Esportes,Organico,0.0,11.67,2501.03
2025-03-20,Moda,TikTok_Ads,366.77,14.97,3942.28
2025-03-20,Moda,Organico,0.0,13.19,2958.71
2025-03-20,Esportes,Meta_Ads,653.9,8.25,4549.19
2025-03-21,Moda,Google_Ads,911.42,6.54,5721.67
2025-03-21,Casa_Decoracao,Google_Ads,924.88,14.14,4286.29
2025-03-21,Esportes,TikTok_Ads,574.3,9.25,4142.4
2025-03-21,Eletronicos,Meta_Ads,715.79,19.61,6781.24
2025-03-21,Esportes,Google_Ads,1035.81,4.8,6162.92
2025-03-21,Casa_Decoracao,TikTok_Ads,432.37,13.41,4040.23
2025-03-22,Eletronicos,Organico,0.0,13.23,4297.19
2025-03-22,Esportes,Organico,0.0,10.18,2466.53
2025-03-22,Casa_Decoracao,TikTok_Ads,544.16,3.76,4185.26
2025-03-22,Esportes,Organico,0.0,12.42,2443.94
2025-03-23,Moda,Google_Ads,708.46,17.36,4767.05
2025-03-23,Casa_Decoracao,Meta_Ads,702.53,4.26,5135.54
2025-03-23,Casa_Decoracao,Email_Marketing,157.24,20.38,2533.86
2025-03-23,Eletronicos,Google_Ads,679.82,16.11,7060.07
2025-03-24,Beleza_Saude,Meta_Ads,947.93,14.12,6042.78
2025-03-24,Moda,Google_Ads,899.03,14.43,4812.33
2025-03-24,Eletronicos,Google_Ads,1177.77,2.35,9358.57
2025-03-24,Casa_Decoracao,Meta_Ads,659.16,6.55,5282.06
2025-03-24,Casa_Decoracao,Organico,0.0,8.59,2000.7
2025-03-25,Esportes,Organico,0.0,12.57,2420.37
2025-03-25,Moda,Google_Ads,582.13,17.54,5467.94
2025-03-25,Beleza_Saude,Google_Ads,878.98,7.97,5050.26
2025-03-25,Moda,Meta_Ads,621.38,4.33,3735.06
2025-03-25,Beleza_Saude,Email_Marketing,127.47,14.61,2498.07
2025-03-26,Casa_Decoracao,Email_Marketing,168.82,21.69,2688.16
2025-03-26,Moda,Google_Ads,409.18,11.65,3969.99
2025-03-26,Eletronicos,TikTok_Ads,439.96,18.33,5765.55
2025-03-26,Casa_Decoracao,Organico,0.0,9.82,2526.56
2025-03-26,Beleza_Saude,Organico,0.0,25.92,2528.42
2025-03-26,Beleza_Saude,Meta_Ads,838.94,12.93,3776.32
2025-03-27,Moda,Email_Marketing,113.57,17.6,3973.72
2025-03-27,Moda,Google_Ads,552.6,13.69,5134.17
2025-03-27,Beleza_Saude,Organico,0.0,4.37,2069.97
2025-03-27,Moda,Email_Marketing,144.14,3.51,2631.39
2025-03-27,Eletronicos,Email_Marketing,115.24,6.76,4533.27
2025-03-28,Esportes,Email_Marketing,184.18,6.0,3200.3
2025-03-28,Casa_Decoracao,Organico,0.0,6.53,2441.52
2025-03-28,Casa_Decoracao,Meta_Ads,595.48,13.28,4028.65
2025-03-28,Esportes,Email_Marketing,196.95,16.58,3055.65
2025-03-29,Casa_Decoracao,Organico,0.0,9.94,2270.66
2025-03-29,Esportes,Organico,0.0,19.9,3260.31
2025-03-29,Beleza_Saude,Google_Ads,866.53,16.31,5897.73
2025-03-29,Moda,Organico,0.0,14.17,3283.27
2025-03-29,Esportes,Email_Marketing,107.42,10.84,3138.18
2025-03-29,Esportes,Email_Marketing,177.15,16.49,3211.14
2025-03-30,Eletronicos,Google_Ads,669.6,7.63,6521.03
2025-03-30,Casa_Decoracao,TikTok_Ads,634.24,10.14,5952.48
2025-03-30,Eletronicos,Organico,0.0,22.17,4511.0
2025-03-30,Casa_Decoracao,Organico,0.0,4.07,2170.38
2025-03-30,Esportes,TikTok_Ads,474.01,11.55,5652.64
2025-03-31,Beleza_Saude,Email_Marketing,138.06,14.7,3009.91
2025-03-31,Eletronicos,Meta_Ads,608.58,8.76,6403.78
2025-03-31,Casa_Decoracao,Google_Ads,1075.38,15.81,6108.42
2025-03-31,Casa_Decoracao,TikTok_Ads,376.03,8.54,3160.06
2025-03-31,Beleza_Saude,Google_Ads,829.48,16.07,5426.86
2025-03-31,Beleza_Saude,Google_Ads,1143.95,20.88,7185.47
2025-04-01,Moda,Google_Ads,597.46,3.2,4556.59
2025-04-01,Eletronicos,Meta_Ads,568.15,14.63,6470.59
2025-04-01,Esportes,Meta_Ads,456.14,10.04,3850.9
2025-04-01,Esportes,Meta_Ads,361.4,7.1,3240.84
2025-04-01,Eletronicos,Email_Marketing,203.76,12.96,5287.91
2025-04-02,Casa_Decoracao,TikTok_Ads,312.67,4.45,3540.95
2025-04-02,Esportes,Google_Ads,1037.38,22.43,7655.55
2025-04-02,Beleza_Saude,Organico,0.0,18.31,2649.3
2025-04-02,Esportes,Meta_Ads,571.29,9.09,4368.03
2025-04-03,Esportes,Email_Marketing,110.59,8.51,2920.43
2025-04-03,Eletronicos,TikTok_Ads,425.29,9.93,4287.1
2025-04-03,Beleza_Saude,Email_Marketing,121.04,9.37,2790.65
2025-04-03,Casa_Decoracao,Meta_Ads,746.79,8.96,5153.01
2025-04-03,Casa_Decoracao,Email_Marketing,213.24,12.66,3112.62
2025-04-03,Beleza_Saude,Google_Ads,464.07,7.73,3375.06
2025-04-04,Moda,Organico,0.0,13.85,3409.82
2025-04-04,Eletronicos,Google_Ads,801.6,9.45,6328.19
2025-04-04,Casa_Decoracao,Email_Marketing,163.36,8.58,2607.19
2025-04-04,Casa_Decoracao,Meta_Ads,567.04,5.38,5782.54
2025-04-05,Casa_Decoracao,Meta_Ads,746.94,16.0,6478.18
2025-04-05,Moda,Organico,0.0,25.23,2947.72
2025-04-05,Beleza_Saude,TikTok_Ads,473.43,8.46,4270.73
2025-04-05,Casa_Decoracao,Organico,0.0,11.61,2488.1
2025-04-06,Esportes,Meta_Ads,612.97,5.84,5814.78
2025-04-06,Esportes,Organico,0.0,14.98,3243.43
2025-04-06,Beleza_Saude,Meta_Ads,775.17,11.14,5421.73
2025-04-06,Eletronicos,Google_Ads,1072.16,7.6,6464.55
2025-04-06,Esportes,Organico,0.0,9.07,1568.18
2025-04-06,Beleza_Saude,Email_Marketing,103.39,10.44,2635.03
2025-04-07,Moda,Organico,0.0,1.49,2448.87
2025-04-07,Esportes,Organico,0.0,9.27,2575.67
2025-04-07,Beleza_Saude,Google_Ads,778.51,11.62,6177.88
2025-04-07,Beleza_Saude,Google_Ads,660.71,21.32,4475.79
2025-04-08,Esportes,TikTok_Ads,511.15,3.81,4595.51
2025-04-08,Moda,TikTok_Ads,515.6,11.15,4747.17
2025-04-08,Casa_Decoracao,Organico,0.0,6.11,2503.8
2025-04-08,Esportes,Organico,0.0,12.82,2658.01
2025-04-09,Moda,Email_Marketing,156.22,4.81,3482.75
2025-04-09,Moda,Organico,0.0,12.31,3544.52
2025-04-09,Beleza_Saude,TikTok_Ads,164.22,14.06,2781.47
2025-04-09,Beleza_Saude,Organico,0.0,12.27,2229.27
2025-04-09,Moda,Email_Marketing,104.73,8.63,4740.46
2025-04-10,Beleza_Saude,Google_Ads,906.49,0.0,4750.13
2025-04-10,Eletronicos,Meta_Ads,837.34,13.63,5887.5
2025-04-10,Casa_Decoracao,Organico,0.0,16.82,2524.72
2025-04-10,Casa_Decoracao,Organico,0.0,22.0,2287.1
2025-04-10,Casa_Decoracao,Organico,0.0,21.93,2981.81
2025-04-10,Casa_Decoracao,Meta_Ads,527.41,13.19,5523.62
2025-04-11,Moda,Google_Ads,846.72,22.58,5624.32
2025-04-11,Eletronicos,Meta_Ads,606.8,17.39,6469.18
2025-04-11,Moda,TikTok_Ads,458.17,14.83,4878.07
2025-04-11,Moda,Google_Ads,1006.09,18.46,7228.5
2025-04-12,Beleza_Saude,Meta_Ads,896.37,4.46,5385.59
2025-04-12,Eletronicos,Google_Ads,662.26,10.45,6837.52
2025-04-12,Beleza_Saude,Meta_Ads,758.78,11.44,3623.57
2025-04-12,Eletronicos,TikTok_Ads,379.37,16.48,3286.24
2025-04-12,Moda,TikTok_Ads,648.43,14.61,6472.1
2025-04-13,Beleza_Saude,Email_Marketing,142.55,7.53,2266.53
2025-04-13,Moda,Meta_Ads,407.83,12.73,5216.76
2025-04-13,Casa_Decoracao,Organico,0.0,4.47,2774.88
2025-04-13,Beleza_Saude,Email_Marketing,213.21,8.77,2780.94
2025-04-13,Casa_Decoracao,Google_Ads,903.13,20.11,5745.99
2025-04-13,Esportes,Email_Marketing,100.03,15.16,3176.57
2025-04-14,Beleza_Saude,Google_Ads,801.23,17.78,5276.29
2025-04-14,Esportes,Email_Marketing,141.92,8.84,3343.62
2025-04-14,Esportes,TikTok_Ads,411.6,18.27,4195.41
2025-04-14,Eletronicos,Google_Ads,1336.42,8.7,10563.39
2025-04-14,Esportes,Meta_Ads,732.91,9.43,5487.33
2025-04-15,Moda,Google_Ads,788.92,11.28,5010.97
2025-04-15,Casa_Decoracao,Organico,0.0,18.59,2775.31
2025-04-15,Casa_Decoracao,TikTok_Ads,548.66,20.0,3882.5
2025-04-15,Eletronicos,Email_Marketing,175.17,4.06,4176.0
2025-04-15,Moda,Organico,0.0,16.29,2123.79
2025-04-16,Eletronicos,Meta_Ads,612.61,14.16,6524.0
2025-04-16,Casa_Decoracao,Google_Ads,748.65,17.89,4664.41
2025-04-16,Esportes,Email_Marketing,168.03,13.72,3091.81
2025-04-16,Beleza_Saude,TikTok_Ads,598.47,12.17,4140.01
2025-04-17,Beleza_Saude,Organico,0.0,11.14,2278.8
2025-04-17,Casa_Decoracao,Email_Marketing,155.07,0.02,3041.03
2025-04-17,Beleza_Saude,Google_Ads,453.43,10.57,3625.89
2025-04-17,Esportes,Meta_Ads,474.71,16.22,3568.42
2025-04-17,Eletronicos,Organico,0.0,16.39,3778.12
2025-04-17,Moda,Meta_Ads,526.74,10.66,5226.12
2025-04-18,Beleza_Saude,Organico,0.0,4.86,2101.07
2025-04-18,Beleza_Saude,Organico,0.0,8.82,2456.7
2025-04-18,Esportes,Meta_Ads,805.25,5.45,6465.52
2025-04-18,Casa_Decoracao,Google_Ads,697.98,8.99,4421.62
2025-04-18,Beleza_Saude,Organico,0.0,21.91,1827.29
2025-04-18,Casa_Decoracao,Organico,0.0,13.34,2813.5
2025-04-19,Moda,Meta_Ads,658.56,20.84,4776.06
2025-04-19,Casa_Decoracao,Meta_Ads,520.57,4.63,4395.26
2025-04-19,Moda,Email_Marketing,151.64,19.57,4030.46
2025-04-19,Eletronicos,Organico,0.0,16.37,3350.09
2025-04-19,Eletronicos,Meta_Ads,533.27,12.59,5015.16
2025-04-19,Beleza_Saude,Meta_Ads,823.01,23.4,5428.77
2025-04-20,Moda,Meta_Ads,544.1,14.61,5586.58
2025-04-20,Moda,Organico,0.0,16.65,3662.91
2025-04-20,Moda,Meta_Ads,425.64,14.71,4602.4
2025-04-20,Beleza_Saude,TikTok_Ads,435.1,6.53,4358.93
2025-04-21,Esportes,TikTok_Ads,526.0,8.86,4179.03
2025-04-21,Esportes,Email_Marketing,213.63,21.95,2292.65
2025-04-21,Esportes,TikTok_Ads,514.24,26.59,5033.11
2025-04-21,Eletronicos,TikTok_Ads,502.31,18.56,6321.84
2025-04-22,Casa_Decoracao,Google_Ads,941.83,11.8,5640.37
2025-04-22,Esportes,Google_Ads,1021.29,5.75,5643.57
2025-04-22,Beleza_Saude,Google_Ads,1005.54,13.58,6033.56
2025-04-22,Moda,Email_Marketing,159.41,12.9,2711.52
2025-04-22,Casa_Decoracao,Meta_Ads,593.24,20.08,4519.69
2025-04-23,Beleza_Saude,Google_Ads,651.66,4.7,4603.14
2025-04-23,Esportes,TikTok_Ads,509.77,10.65,4302.29
2025-04-23,Moda,Meta_Ads,480.4,3.68,3968.36
2025-04-23,Moda,Meta_Ads,338.73,7.58,4250.93
2025-04-23,Moda,Google_Ads,811.93,3.13,6534.55
2025-04-24,Beleza_Saude,TikTok_Ads,475.68,14.62,4152.1
2025-04-24,Beleza_Saude,TikTok_Ads,437.87,7.23,3996.6
2025-04-24,Moda,Meta_Ads,459.29,7.03,5265.55
2025-04-24,Beleza_Saude,Google_Ads,1180.13,13.97,7873.27
2025-04-24,Eletronicos,Email_Marketing,140.78,5.31,4779.96
2025-04-25,Esportes,Meta_Ads,760.06,13.25,6162.89
2025-04-25,Esportes,TikTok_Ads,451.67,15.37,3057.75
2025-04-25,Casa_Decoracao,TikTok_Ads,668.36,17.62,5000.9
2025-04-25,Eletronicos,Meta_Ads,721.31,16.46,5820.94
2025-04-25,Moda,Meta_Ads,626.51,5.47,5916.35
2025-04-26,Beleza_Saude,Meta_Ads,783.7,16.49,6229.8
2025-04-26,Eletronicos,Google_Ads,989.04,6.03,7238.86
2025-04-26,Moda,Google_Ads,916.95,15.84,4686.15
2025-04-26,Casa_Decoracao,Organico,0.0,5.78,2425.93
2025-04-27,Casa_Decoracao,Organico,0.0,9.83,2852.42
2025-04-27,Moda,Organico,0.0,5.93,3256.41
2025-04-27,Eletronicos,Meta_Ads,459.56,2.9,6979.89
2025-04-27,Eletronicos,Organico,0.0,12.92,4082.59
2025-04-28,Moda,Email_Marketing,44.6,6.8,2585.52
2025-04-28,Esportes,Google_Ads,493.4,5.68,3203.02
2025-04-28,Casa_Decoracao,Google_Ads,592.86,6.54,4925.48
2025-04-28,Casa_Decoracao,Email_Marketing,163.31,13.97,3788.19
2025-04-28,Esportes,Organico,0.0,8.1,3141.9
2025-04-29,Eletronicos,Google_Ads,430.38,9.39,4545.99
2025-04-29,Eletronicos,Meta_Ads,716.96,6.43,6923.34
2025-04-29,Moda,Meta_Ads,619.7,9.6,5449.71
2025-04-29,Esportes,Meta_Ads,606.35,6.56,6453.74
2025-04-29,Casa_Decoracao,Meta_Ads,570.84,0.91,3863.43
2025-04-29,Esportes,TikTok_Ads,341.59,16.13,3961.37
2025-04-30,Eletronicos,Google_Ads,867.22,14.5,7928.27
2025-04-30,Beleza_Saude,Google_Ads,976.89,13.44,6285.23
2025-04-30,Esportes,Organico,0.0,8.67,2063.26
2025-04-30,Moda,Organico,0.0,12.91,2100.28
2025-04-30,Beleza_Saude,Meta_Ads,725.1,11.45,5800.17
2025-04-30,Esportes,Google_Ads,665.62,10.98,5703.16
2025-05-01,Moda,Meta_Ads,643.22,3.59,4584.47
2025-05-01,Moda,Meta_Ads,677.71,13.94,6999.74
2025-05-01,Esportes,Meta_Ads,349.22,13.15,3534.76
2025-05-01,Casa_Decoracao,Organico,0.0,12.51,2506.2
2025-05-01,Eletronicos,Email_Marketing,107.51,5.41,4090.84
2025-05-01,Esportes,Email_Marketing,96.73,11.44,2661.02
2025-05-02,Casa_Decoracao,Google_Ads,663.0,20.97,5641.47
2025-05-02,Esportes,Organico,0.0,12.63,2354.56
2025-05-02,Beleza_Saude,Organico,0.0,13.23,1893.8
2025-05-02,Eletronicos,Google_Ads,952.61,17.61,7601.65
2025-05-02,Moda,Email_Marketing,130.39,8.29,4187.69
2025-05-03,Eletronicos,TikTok_Ads,443.47,12.45,6341.61
2025-05-03,Beleza_Saude,Meta_Ads,550.88,17.4,4354.42
2025-05-03,Moda,Google_Ads,1318.34,3.93,10214.29
2025-05-03,Esportes,TikTok_Ads,484.2,13.11,3869.4
2025-05-04,Moda,Meta_Ads,395.06,11.88,4469.97
2025-05-04,Moda,Email_Marketing,138.75,17.0,2760.57
2025-05-04,Esportes,TikTok_Ads,411.01,15.88,4236.39
2025-05-04,Eletronicos,Email_Marketing,124.52,14.0,3997.77
2025-05-04,Beleza_Saude,TikTok_Ads,461.24,17.22,4671.63
2025-05-04,Casa_Decoracao,Email_Marketing,160.81,6.74,2908.09
2025-05-05,Beleza_Saude,Email_Marketing,153.62,11.27,3077.25
2025-05-05,Eletronicos,TikTok_Ads,596.41,19.5,7431.37
2025-05-05,Esportes,Google_Ads,539.91,17.15,5752.71
2025-05-05,Esportes,Meta_Ads,923.62,5.94,5515.17
2025-05-05,Moda,Email_Marketing,186.04,6.21,2576.6
2025-05-06,Eletronicos,TikTok_Ads,539.24,8.62,4478.06
2025-05-06,Casa_Decoracao,Email_Marketing,196.11,12.82,3064.21
2025-05-06,Casa_Decoracao,Google_Ads,607.26,12.87,5251.85
2025-05-06,Beleza_Saude,Google_Ads,865.19,4.41,5640.2
2025-05-07,Eletronicos,Organico,0.0,7.29,2801.76
2025-05-07,Casa_Decoracao,Email_Marketing,144.0,13.63,3659.58
2025-05-07,Esportes,Email_Marketing,65.68,6.37,2350.45
2025-05-07,Casa_Decoracao,Organico,0.0,11.27,2515.59
2025-05-07,Casa_Decoracao,Email_Marketing,165.3,7.48,3548.4
2025-05-07,Moda,Google_Ads,886.69,10.4,7646.16
2025-05-08,Esportes,TikTok_Ads,329.69,5.93,4609.55
2025-05-08,Esportes,Email_Marketing,149.68,10.07,3235.9
2025-05-08,Casa_Decoracao,Meta_Ads,836.24,23.2,7620.76
2025-05-08,Esportes,Email_Marketing,166.31,4.34,2468.8
2025-05-08,Esportes,Email_Marketing,134.93,14.53,3001.5
2025-05-09,Moda,Google_Ads,505.39,7.22,4870.44
2025-05-09,Eletronicos,TikTok_Ads,430.93,12.76,5620.1
2025-05-09,Esportes,Google_Ads,1003.53,10.66,6239.67
2025-05-09,Esportes,Meta_Ads,344.81,13.62,3302.62
2025-05-09,Esportes,Email_Marketing,93.11,17.65,2830.75
2025-05-10,Beleza_Saude,TikTok_Ads,624.95,16.38,2268.98
2025-05-10,Eletronicos,Google_Ads,783.72,12.74,5980.58
2025-05-10,Moda,Organico,0.0,18.65,3186.33
2025-05-10,Moda,Organico,0.0,11.06,2780.81
2025-05-11,Casa_Decoracao,Meta_Ads,565.86,14.55,4315.19
2025-05-11,Casa_Decoracao,Meta_Ads,466.38,13.22,4288.66
2025-05-11,Beleza_Saude,Google_Ads,937.02,16.42,5592.29
2025-05-11,Moda,Organico,0.0,10.06,3135.02
2025-05-11,Casa_Decoracao,Organico,0.0,8.88,2259.58
2025-05-12,Beleza_Saude,Meta_Ads,693.66,7.75,4428.46
2025-05-12,Beleza_Saude,Meta_Ads,648.12,7.39,4932.0
2025-05-12,Esportes,Meta_Ads,752.16,4.79,4402.6
2025-05-12,Beleza_Saude,TikTok_Ads,495.4,17.7,4656.09
2025-05-12,Casa_Decoracao,Google_Ads,333.82,10.54,4063.02
2025-05-13,Casa_Decoracao,Google_Ads,605.66,7.52,5238.43
2025-05-13,Casa_Decoracao,Email_Marketing,113.87,13.01,2860.53
2025-05-13,Moda,TikTok_Ads,365.97,16.16,4829.88
2025-05-13,Esportes,Google_Ads,528.87,14.41,4679.62
2025-05-14,Moda,Meta_Ads,881.86,11.37,5928.88
2025-05-14,Beleza_Saude,Meta_Ads,491.6,7.33,3375.68
2025-05-14,Beleza_Saude,TikTok_Ads,527.3,10.65,4406.0
2025-05-14,Moda,Organico,0.0,7.72,2455.34
2025-05-15,Casa_Decoracao,Email_Marketing,119.99,11.91,3005.43
2025-05-15,Esportes,Organico,0.0,6.88,2242.5
2025-05-15,Moda,Email_Marketing,210.95,5.19,4445.42
2025-05-15,Beleza_Saude,Organico,0.0,12.18,1886.1
2025-05-15,Eletronicos,Meta_Ads,524.67,9.49,4978.16
2025-05-16,Esportes,Meta_Ads,616.05,12.34,5486.52
2025-05-16,Casa_Decoracao,Google_Ads,465.56,7.97,3556.97
2025-05-16,Eletronicos,Organico,0.0,13.71,4417.34
2025-05-16,Esportes,TikTok_Ads,633.14,15.03,5369.69
2025-05-16,Casa_Decoracao,Google_Ads,517.64,19.42,4554.47
2025-05-17,Esportes,Google_Ads,804.61,6.29,6137.1
2025-05-17,Eletronicos,TikTok_Ads,580.48,8.2,6480.98
2025-05-17,Casa_Decoracao,Meta_Ads,560.92,11.74,4641.36
2025-05-17,Esportes,TikTok_Ads,458.05,16.15,3517.07
2025-05-17,Esportes,TikTok_Ads,567.12,13.52,3613.9
2025-05-17,Beleza_Saude,Email_Marketing,120.21,6.53,2475.53
2025-05-18,Casa_Decoracao,Organico,0.0,14.69,2981.35
2025-05-18,Moda,Email_Marketing,157.32,20.33,3549.29
2025-05-18,Esportes,Meta_Ads,751.53,16.02,5271.49
2025-05-18,Esportes,TikTok_Ads,597.35,9.03,4285.77
2025-05-19,Esportes,Google_Ads,1025.13,4.33,6394.59
2025-05-19,Esportes,Meta_Ads,612.42,8.48,5151.13
2025-05-19,Beleza_Saude,Google_Ads,770.34,14.33,6197.43
2025-05-19,Beleza_Saude,Meta_Ads,778.62,6.6,4608.56
2025-05-19,Moda,TikTok_Ads,557.41,15.97,4797.7
2025-05-20,Eletronicos,Google_Ads,839.57,15.82,8336.52
2025-05-20,Casa_Decoracao,Meta_Ads,670.21,19.99,5487.74
2025-05-20,Esportes,TikTok_Ads,322.9,13.83,3795.01
2025-05-20,Eletronicos,Google_Ads,679.34,14.87,5004.74
2025-05-20,Esportes,Email_Marketing,187.15,7.61,2588.86
2025-05-21,Eletronicos,TikTok_Ads,474.29,8.97,5743.93
2025-05-21,Casa_Decoracao,Organico,0.0,8.58,2172.36
2025-05-21,Eletronicos,Email_Marketing,150.23,16.44,5156.23
2025-05-21,Esportes,TikTok_Ads,309.14,16.3,4011.06
2025-05-21,Esportes,Email_Marketing,183.27,17.42,2845.06
2025-05-22,Casa_Decoracao,TikTok_Ads,462.52,18.36,4242.55
2025-05-22,Moda,TikTok_Ads,462.76,14.27,5726.56
2025-05-22,Moda,Email_Marketing,165.32,8.51,2609.29
2025-05-22,Esportes,Meta_Ads,468.79,12.37,3768.62
2025-05-22,Esportes,Organico,0.0,9.24,1997.76
2025-05-22,Esportes,Meta_Ads,458.73,19.81,4889.12
2025-05-23,Esportes,Meta_Ads,931.21,17.22,5519.09
2025-05-23,Esportes,Email_Marketing,158.53,4.78,2666.99
2025-05-23,Eletronicos,Organico,0.0,18.1,5241.65
2025-05-23,Eletronicos,TikTok_Ads,455.66,8.13,4500.86
2025-05-23,Moda,Email_Marketing,159.92,8.99,3152.75
2025-05-23,Moda,Organico,0.0,10.52,3122.98
2025-05-24,Moda,Email_Marketing,151.99,13.57,3822.39
2025-05-24,Beleza_Saude,Organico,0.0,17.07,2663.28
2025-05-24,Casa_Decoracao,Google_Ads,660.76,14.73,3770.07
2025-05-24,Casa_Decoracao,Google_Ads,944.78,9.14,4911.6
2025-05-25,Eletronicos,TikTok_Ads,550.33,11.33,5103.71
2025-05-25,Casa_Decoracao,Organico,0.0,12.23,2005.78
2025-05-25,Esportes,Meta_Ads,615.2,20.18,4907.54
2025-05-25,Moda,Google_Ads,434.69,12.9,5106.51
2025-05-25,Esportes,TikTok_Ads,400.59,10.51,3371.13
2025-05-26,Beleza_Saude,Organico,0.0,11.68,2325.63
2025-05-26,Casa_Decoracao,TikTok_Ads,457.27,16.52,4082.07
2025-05-26,Beleza_Saude,Google_Ads,897.87,16.85,6851.31
2025-05-26,Moda,TikTok_Ads,628.99,6.88,6307.93
2025-05-26,Moda,TikTok_Ads,583.03,13.53,5448.97
2025-05-27,Moda,Email_Marketing,144.06,9.67,3202.67
2025-05-27,Esportes,TikTok_Ads,661.02,12.41,5110.43
2025-05-27,Esportes,Google_Ads,812.03,8.66,3631.72
2025-05-27,Beleza_Saude,Email_Marketing,178.83,15.31,2971.24
2025-05-28,Casa_Decoracao,Google_Ads,581.95,5.52,4054.01
2025-05-28,Casa_Decoracao,Organico,0.0,4.35,2047.03
2025-05-28,Casa_Decoracao,Organico,0.0,21.95,3126.58
2025-05-28,Beleza_Saude,Google_Ads,832.1,17.64,6503.62
2025-05-28,Eletronicos,Email_Marketing,138.56,13.29,5243.39
2025-05-28,Beleza_Saude,Meta_Ads,831.1,17.62,4685.2
2025-05-29,Eletronicos,Google_Ads,1035.01,12.38,5818.42
2025-05-29,Casa_Decoracao,TikTok_Ads,557.89,9.55,5660.45
2025-05-29,Esportes,Meta_Ads,585.81,9.74,5598.36
2025-05-29,Moda,Email_Marketing,147.55,17.81,3786.82
2025-05-30,Beleza_Saude,TikTok_Ads,554.72,12.01,3073.32
2025-05-30,Moda,Meta_Ads,451.52,10.55,3776.47
2025-05-30,Moda,Email_Marketing,130.34,9.2,3065.38
2025-05-30,Esportes,Google_Ads,1087.43,11.74,7391.27
2025-05-30,Eletronicos,TikTok_Ads,520.49,19.08,7160.51
2025-05-31,Moda,Organico,0.0,9.72,3669.33
2025-05-31,Moda,Google_Ads,865.09,6.97,5795.55
2025-05-31,Casa_Decoracao,Email_Marketing,83.15,2.71,3137.78
2025-05-31,Eletronicos,TikTok_Ads,499.44,14.59,7018.02
2025-06-01,Eletronicos,TikTok_Ads,486.81,10.0,6690.08
2025-06-01,Beleza_Saude,Email_Marketing,135.04,9.72,3089.52
2025-06-01,Eletronicos,TikTok_Ads,621.89,23.67,8006.46
2025-06-01,Esportes,Email_Marketing,181.01,16.86,3104.76
2025-06-01,Eletronicos,Email_Marketing,171.08,15.05,4355.91
2025-06-01,Moda,Meta_Ads,642.05,16.76,5429.59
2025-06-02,Casa_Decoracao,Meta_Ads,370.56,10.36,3503.29
2025-06-02,Casa_Decoracao,Meta_Ads,607.35,13.5,4859.58
2025-06-02,Eletronicos,Email_Marketing,179.75,10.2,5078.43
2025-06-02,Beleza_Saude,Organico,0.0,13.37,2261.37
2025-06-02,Moda,Email_Marketing,165.54,13.55,4078.46
2025-06-02,Beleza_Saude,Meta_Ads,778.99,16.03,5325.6
2025-06-03,Moda,Email_Marketing,173.71,21.93,3402.15
2025-06-03,Casa_Decoracao,Organico,0.0,15.61,2689.77
2025-06-03,Casa_Decoracao,Google_Ads,755.84,14.19,6182.74
2025-06-03,Casa_Decoracao,Google_Ads,947.41,13.51,7399.74
2025-06-04,Beleza_Saude,Email_Marketing,157.65,16.35,2619.08
2025-06-04,Eletronicos,Email_Marketing,119.08,6.94,4222.64
2025-06-04,Esportes,Organico,0.0,9.28,2932.83
2025-06-04,Casa_Decoracao,Email_Marketing,125.92,13.24,2660.28
2025-06-04,Beleza_Saude,Google_Ads,665.38,11.57,4144.69
2025-06-04,Esportes,Google_Ads,817.88,14.2,6458.16
2025-06-05,Eletronicos,Organico,0.0,5.22,3542.54
2025-06-05,Eletronicos,Email_Marketing,74.46,18.18,3469.48
2025-06-05,Esportes,Email_Marketing,77.22,7.46,3125.72
2025-06-05,Moda,Organico,0.0,10.44,3075.1
2025-06-05,Moda,TikTok_Ads,481.04,18.19,4687.31
2025-06-05,Esportes,Email_Marketing,141.63,23.32,3155.79
2025-06-06,Beleza_Saude,Email_Marketing,163.63,17.08,3268.66
2025-06-06,Esportes,Meta_Ads,834.99,12.31,5030.78
2025-06-06,Beleza_Saude,Organico,0.0,12.77,2178.84
2025-06-06,Moda,Meta_Ads,475.76,12.8,5408.57
2025-06-06,Esportes,Google_Ads,699.91,11.33,5206.83
2025-06-06,Eletronicos,Organico,0.0,10.7,3755.15
2025-06-07,Beleza_Saude,Google_Ads,737.08,19.65,4727.65
2025-06-07,Moda,Organico,0.0,14.01,3036.1
2025-06-07,Casa_Decoracao,Organico,0.0,8.79,2513.46
2025-06-07,Casa_Decoracao,Google_Ads,697.75,10.49,5796.59
2025-06-08,Eletronicos,Meta_Ads,110.32,9.05,4307.13
2025-06-08,Casa_Decoracao,Email_Marketing,171.14,10.66,3357.14
2025-06-08,Eletronicos,Meta_Ads,295.78,11.72,3831.36
2025-06-08,Eletronicos,Email_Marketing,104.69,11.06,5230.04
2025-06-08,Casa_Decoracao,Meta_Ads,710.32,12.09,5225.24
2025-06-08,Eletronicos,Email_Marketing,123.24,9.28,4697.13
2025-06-09,Eletronicos,Organico,0.0,21.93,3408.09
2025-06-09,Esportes,Meta_Ads,821.02,13.75,5130.15
2025-06-09,Esportes,TikTok_Ads,443.33,15.27,4125.14
2025-06-09,Eletronicos,Organico,0.0,22.37,4529.57
2025-06-09,Esportes,Email_Marketing,148.05,8.41,2825.4
2025-06-10,Moda,Google_Ads,1053.84,6.43,6427.52
2025-06-10,Beleza_Saude,Email_Marketing,137.22,10.31,2659.66
2025-06-10,Casa_Decoracao,Email_Marketing,141.56,10.81,2999.14
2025-06-10,Eletronicos,Organico,0.0,10.84,4408.38
2025-06-10,Eletronicos,Email_Marketing,155.58,13.83,5193.61
2025-06-11,Beleza_Saude,TikTok_Ads,569.2,14.1,4832.45
2025-06-11,Moda,Google_Ads,1051.86,21.31,7332.2
2025-06-11,Casa_Decoracao,Email_Marketing,191.23,10.24,3837.01
2025-06-11,Esportes,Google_Ads,1012.3,17.04,6475.51
2025-06-11,Eletronicos,Google_Ads,666.33,5.03,6227.98
2025-06-11,Esportes,Google_Ads,1106.6,10.45,7273.39
2025-06-12,Esportes,Google_Ads,858.01,13.97,6202.39
2025-06-12,Beleza_Saude,Google_Ads,609.98,5.91,4645.76
2025-06-12,Casa_Decoracao,TikTok_Ads,421.22,4.15,4549.22
2025-06-12,Esportes,Organico,0.0,19.79,2587.72
2025-06-12,Moda,Google_Ads,925.19,18.85,5973.8
2025-06-12,Eletronicos,Google_Ads,1022.14,13.38,9000.48
2025-06-13,Esportes,TikTok_Ads,490.34,3.15,3326.62
2025-06-13,Eletronicos,Email_Marketing,137.25,10.34,4758.73
2025-06-13,Beleza_Saude,Email_Marketing,139.62,13.79,2508.51
2025-06-13,Esportes,Email_Marketing,157.93,19.36,3263.86
2025-06-13,Esportes,Meta_Ads,611.81,7.29,4643.11
2025-06-14,Moda,TikTok_Ads,472.75,8.73,4324.19
2025-06-14,Casa_Decoracao,TikTok_Ads,731.74,20.01,4350.95
2025-06-14,Beleza_Saude,Email_Marketing,102.04,6.75,3164.87
2025-06-14,Beleza_Saude,TikTok_Ads,424.1,4.63,4364.93
2025-06-14,Casa_Decoracao,Organico,0.0,23.25,2977.7
2025-06-14,Moda,Organico,0.0,13.26,2716.81
2025-06-15,Moda,Organico,0.0,12.43,2477.15
2025-06-15,Moda,Email_Marketing,114.38,12.67,3374.89
2025-06-15,Eletronicos,Google_Ads,898.41,9.71,6369.53
2025-06-15,Esportes,Meta_Ads,667.85,19.1,3673.83
2025-06-16,Moda,TikTok_Ads,400.12,10.8,2661.09
2025-06-16,Moda,Organico,0.0,15.63,2889.32
2025-06-16,Beleza_Saude,TikTok_Ads,482.91,14.63,4529.85
2025-06-16,Beleza_Saude,TikTok_Ads,276.7,11.91,3191.39
2025-06-17,Beleza_Saude,Meta_Ads,662.21,14.55,5320.51
2025-06-17,Esportes,Email_Marketing,193.01,11.68,3228.12
2025-06-17,Casa_Decoracao,Organico,0.0,19.46,2559.34
2025-06-17,Casa_Decoracao,Google_Ads,853.4,20.39,4119.72
2025-06-17,Esportes,Meta_Ads,537.87,19.33,5367.62
2025-06-17,Esportes,Email_Marketing,169.59,9.76,2611.89
2025-06-18,Moda,Email_Marketing,127.83,10.16,2906.0
2025-06-18,Eletronicos,Meta_Ads,542.34,13.45,5849.81
2025-06-18,Esportes,Organico,0.0,8.08,2609.36
2025-06-18,Casa_Decoracao,Google_Ads,1062.89,11.97,7071.77
2025-06-18,Eletronicos,Meta_Ads,740.94,9.49,7271.02
2025-06-18,Casa_Decoracao,Organico,0.0,0.0,2281.39
2025-06-19,Eletronicos,Email_Marketing,173.75,12.63,4847.99
2025-06-19,Moda,Organico,0.0,12.81,3430.58
2025-06-19,Moda,Email_Marketing,200.54,9.04,2816.81
2025-06-19,Esportes,TikTok_Ads,586.2,13.61,3923.09
2025-06-20,Casa_Decoracao,TikTok_Ads,415.25,9.55,4550.35
2025-06-20,Eletronicos,Organico,0.0,13.01,4713.0
2025-06-20,Casa_Decoracao,Google_Ads,981.28,12.52,6020.41
2025-06-20,Moda,Organico,0.0,10.87,2310.87
2025-06-20,Esportes,Google_Ads,731.36,2.97,3927.12
2025-06-20,Eletronicos,Email_Marketing,181.98,15.71,4592.38
2025-06-21,Moda,Email_Marketing,152.43,10.0,3770.16
2025-06-21,Beleza_Saude,Email_Marketing,125.38,7.56,2350.18
2025-06-21,Eletronicos,Google_Ads,823.14,16.82,7251.51
2025-06-21,Eletronicos,Meta_Ads,559.3,6.84,7244.69
2025-06-21,Eletronicos,Meta_Ads,363.84,11.07,5951.51
2025-06-21,Esportes,Email_Marketing,142.51,9.17,3132.99
2025-06-22,Moda,Email_Marketing,108.98,8.48,3617.75
2025-06-22,Eletronicos,Meta_Ads,452.14,17.86,7720.94
2025-06-22,Beleza_Saude,Meta_Ads,667.57,19.85,6326.41
2025-06-22,Esportes,Organico,0.0,12.24,2120.29
2025-06-22,Beleza_Saude,Meta_Ads,528.19,13.16,3215.12
2025-06-23,Eletronicos,TikTok_Ads,368.31,18.87,4963.52
2025-06-23,Moda,Meta_Ads,533.65,14.95,5235.71
2025-06-23,Moda,Email_Marketing,150.87,16.2,2924.94
2025-06-23,Esportes,Organico,0.0,9.5,2346.67
2025-06-24,Esportes,Email_Marketing,136.47,19.29,2623.39
2025-06-24,Esportes,Email_Marketing,84.73,4.66,2603.89
2025-06-24,Esportes,TikTok_Ads,708.86,23.02,5909.75
2025-06-24,Casa_Decoracao,Email_Marketing,113.2,7.62,3308.29
2025-06-24,Beleza_Saude,Google_Ads,1066.33,8.79,7451.59
2025-06-24,Moda,Organico,0.0,15.57,3459.51
2025-06-25,Eletronicos,TikTok_Ads,367.93,14.47,5584.84
2025-06-25,Eletronicos,Google_Ads,734.54,11.99,5077.99
2025-06-25,Casa_Decoracao,Google_Ads,880.9,19.96,5481.69
2025-06-25,Beleza_Saude,Organico,0.0,12.86,3227.71
2025-06-26,Eletronicos,Email_Marketing,166.5,17.38,4987.28
2025-06-26,Eletronicos,TikTok_Ads,572.27,6.33,5560.09
2025-06-26,Casa_Decoracao,Email_Marketing,78.3,14.21,3268.32
2025-06-26,Casa_Decoracao,Email_Marketing,100.54,12.79,2917.64
2025-06-27,Esportes,Email_Marketing,142.86,11.38,3195.33
2025-06-27,Casa_Decoracao,Meta_Ads,493.79,11.73,3926.44
2025-06-27,Casa_Decoracao,Google_Ads,1034.6,15.59,8695.12
2025-06-27,Casa_Decoracao,TikTok_Ads,405.29,8.75,4053.59
2025-06-28,Beleza_Saude,Google_Ads,908.42,9.24,6254.99
2025-06-28,Moda,Meta_Ads,821.64,0.62,5418.78
2025-06-28,Beleza_Saude,Google_Ads,811.64,0.21,5115.99
2025-06-28,Casa_Decoracao,TikTok_Ads,433.99,5.97,3663.3
2025-06-28,Casa_Decoracao,Organico,0.0,9.15,2602.0
2025-06-28,Moda,Organico,0.0,11.61,3365.83
2025-06-29,Beleza_Saude,Meta_Ads,610.57,24.9,5266.88
2025-06-29,Moda,Meta_Ads,356.27,8.55,4116.33
2025-06-29,Beleza_Saude,TikTok_Ads,531.71,5.43,4007.13
2025-06-29,Beleza_Saude,Meta_Ads,533.38,6.48,4281.58
2025-06-29,Casa_Decoracao,Organico,0.0,16.21,2860.24
2025-06-30,Esportes,Google_Ads,700.53,12.08,4632.37
2025-06-30,Moda,Organico,0.0,14.17,3296.53
2025-06-30,Moda,Organico,0.0,17.72,2941.71
2025-06-30,Esportes,Meta_Ads,445.93,7.76,3423.88
2025-07-01,Moda,TikTok_Ads,384.32,13.71,3953.08
2025-07-01,Moda,Google_Ads,804.02,4.6,4711.57
2025-07-01,Esportes,Organico,0.0,4.58,2525.08
2025-07-01,Beleza_Saude,Email_Marketing,124.64,2.37,1592.84
2025-07-01,Eletronicos,Meta_Ads,887.81,2.47,6891.89
2025-07-01,Eletronicos,Meta_Ads,707.52,5.43,5895.49
2025-07-02,Moda,Organico,0.0,14.26,2676.34
2025-07-02,Moda,Email_Marketing,160.6,5.06,3849.05
2025-07-02,Casa_Decoracao,TikTok_Ads,433.63,13.44,4367.17
2025-07-02,Esportes,Email_Marketing,76.48,16.17,2436.97
2025-07-02,Beleza_Saude,Meta_Ads,682.91,4.95,4291.09
2025-07-02,Eletronicos,Google_Ads,872.65,6.6,5986.76
2025-07-03,Beleza_Saude,Meta_Ads,670.32,6.14,5806.41
2025-07-03,Casa_Decoracao,Email_Marketing,148.68,14.36,2095.68
2025-07-03,Eletronicos,Meta_Ads,866.42,25.23,9264.32
2025-07-03,Esportes,Meta_Ads,875.01,9.96,5842.57
2025-07-03,Moda,Email_Marketing,168.3,8.51,3392.71
2025-07-03,Esportes,Organico,0.0,10.02,2686.17
2025-07-04,Eletronicos,Meta_Ads,363.06,14.73,6413.34
2025-07-04,Esportes,TikTok_Ads,620.77,14.46,3993.37
2025-07-04,Esportes,TikTok_Ads,806.07,4.98,5966.52
2025-07-04,Moda,Meta_Ads,720.08,6.13,5311.36
2025-07-05,Beleza_Saude,Google_Ads,784.25,20.4,3525.77
2025-07-05,Casa_Decoracao,Email_Marketing,182.47,17.34,3518.74
2025-07-05,Casa_Decoracao,Meta_Ads,745.58,14.58,6158.29
2025-07-05,Moda,Email_Marketing,109.03,18.0,3521.69
2025-07-05,Eletronicos,Google_Ads,829.87,14.83,5865.43
2025-07-06,Casa_Decoracao,Organico,0.0,2.34,1983.07
2025-07-06,Eletronicos,Google_Ads,551.94,5.17,6023.89
2025-07-06,Beleza_Saude,Email_Marketing,83.77,13.49,2977.28
2025-07-06,Eletronicos,Organico,0.0,11.58,3808.53
2025-07-06,Eletronicos,Email_Marketing,134.57,0.0,3507.55
2025-07-06,Eletronicos,Organico,0.0,13.62,3909.56
2025-07-07,Beleza_Saude,Meta_Ads,325.49,10.06,2439.5
2025-07-07,Eletronicos,Meta_Ads,502.16,5.74,4634.84
2025-07-07,Beleza_Saude,Google_Ads,813.91,13.29,4697.23
2025-07-07,Eletronicos,Google_Ads,781.12,7.72,7192.24
2025-07-08,Eletronicos,Email_Marketing,144.38,17.56,5030.89
2025-07-08,Beleza_Saude,Google_Ads,566.5,11.3,5679.02
2025-07-08,Moda,Google_Ads,822.24,10.36,6361.7
2025-07-08,Eletronicos,TikTok_Ads,595.42,9.72,6639.64
2025-07-08,Beleza_Saude,Google_Ads,734.22,15.6,5236.76
2025-07-09,Esportes,Organico,0.0,9.35,1877.1
2025-07-09,Beleza_Saude,Organico,0.0,19.47,2221.52
2025-07-09,Esportes,Meta_Ads,607.67,19.28,4879.44
2025-07-09,Esportes,Meta_Ads,453.76,15.44,4901.29
2025-07-09,Eletronicos,Email_Marketing,142.49,12.65,3672.18
2025-07-09,Eletronicos,Organico,0.0,10.33,4028.49
2025-07-10,Casa_Decoracao,Meta_Ads,549.29,7.63,4441.29
2025-07-10,Casa_Decoracao,Meta_Ads,472.03,13.94,4538.73
2025-07-10,Beleza_Saude,TikTok_Ads,427.63,11.59,4346.01
2025-07-10,Eletronicos,Google_Ads,478.53,5.54,6094.38
2025-07-10,Moda,Meta_Ads,658.85,11.65,6113.46
2025-07-11,Beleza_Saude,TikTok_Ads,614.66,2.23,3401.97
2025-07-11,Beleza_Saude,Organico,0.0,17.55,2296.92
2025-07-11,Esportes,TikTok_Ads,342.79,12.91,3456.23
2025-07-11,Eletronicos,Meta_Ads,834.06,16.27,6730.6
2025-07-11,Moda,Email_Marketing,179.24,13.36,4330.83
2025-07-12,Esportes,Meta_Ads,769.79,19.89,4679.48
2025-07-12,Beleza_Saude,Google_Ads,622.83,11.88,4034.81
2025-07-12,Esportes,Meta_Ads,613.92,9.32,3942.56
2025-07-12,Moda,TikTok_Ads,603.24,12.38,6587.67
2025-07-12,Moda,Email_Marketing,163.46,18.44,3236.91
2025-07-12,Beleza_Saude,Email_Marketing,122.2,23.1,2615.24
2025-07-13,Esportes,TikTok_Ads,381.36,14.28,4236.71
2025-07-13,Esportes,TikTok_Ads,448.58,0.33,3489.75
2025-07-13,Eletronicos,Meta_Ads,505.72,13.55,6165.18
2025-07-13,Eletronicos,Google_Ads,745.52,20.78,6464.74
2025-07-14,Casa_Decoracao,Organico,0.0,9.29,2015.08
2025-07-14,Eletronicos,Meta_Ads,614.38,19.25,5980.75
2025-07-14,Eletronicos,TikTok_Ads,423.21,12.79,4638.09
2025-07-14,Beleza_Saude,Google_Ads,1000.7,6.59,5571.28
2025-07-14,Casa_Decoracao,Email_Marketing,245.21,6.29,4127.89
2025-07-15,Eletronicos,Google_Ads,1022.41,9.24,5986.46
2025-07-15,Moda,TikTok_Ads,518.28,8.98,5206.31
2025-07-15,Moda,Google_Ads,622.93,8.14,3566.85
2025-07-15,Esportes,Meta_Ads,677.62,11.2,4052.92
2025-07-16,Esportes,Email_Marketing,163.0,10.96,3756.3
2025-07-16,Casa_Decoracao,TikTok_Ads,342.26,0.0,3742.35
2025-07-16,Casa_Decoracao,Google_Ads,671.35,12.81,4166.68
2025-07-16,Esportes,Email_Marketing,221.59,10.07,2867.61
2025-07-16,Moda,Email_Marketing,220.89,16.2,4605.01
2025-07-16,Eletronicos,TikTok_Ads,478.48,12.23,5301.68
2025-07-17,Esportes,Google_Ads,890.98,2.61,3894.19
2025-07-17,Eletronicos,Meta_Ads,371.37,13.95,5830.66
2025-07-17,Casa_Decoracao,Google_Ads,745.22,20.61,6460.69
2025-07-17,Beleza_Saude,Organico,0.0,11.14,1924.58
2025-07-17,Esportes,Meta_Ads,717.27,11.85,4423.52
2025-07-18,Casa_Decoracao,Google_Ads,1138.89,9.59,7267.34
2025-07-18,Moda,Email_Marketing,178.37,8.37,3910.64
2025-07-18,Eletronicos,Meta_Ads,502.35,8.94,4541.83
2025-07-18,Beleza_Saude,Organico,0.0,7.4,2184.81
2025-07-18,Beleza_Saude,Google_Ads,601.2,19.49,4039.03
2025-07-19,Moda,Email_Marketing,109.64,7.22,3409.21
2025-07-19,Eletronicos,TikTok_Ads,335.76,23.77,4896.84
2025-07-19,Moda,Google_Ads,700.21,7.98,6154.05
2025-07-19,Casa_Decoracao,Google_Ads,1232.45,8.48,7972.41
2025-07-19,Moda,Google_Ads,538.82,16.8,6379.46
2025-07-19,Casa_Decoracao,Google_Ads,1090.47,12.66,5652.74
2025-07-20,Esportes,Google_Ads,780.72,7.11,5481.91
2025-07-20,Casa_Decoracao,Meta_Ads,1062.02,12.44,6310.32
2025-07-20,Casa_Decoracao,Meta_Ads,835.27,17.11,6256.68
2025-07-20,Moda,TikTok_Ads,461.45,17.72,4860.52
2025-07-21,Beleza_Saude,Meta_Ads,789.86,7.84,4454.27
2025-07-21,Eletronicos,TikTok_Ads,266.69,19.95,4677.55
2025-07-21,Casa_Decoracao,Meta_Ads,689.17,15.02,6435.54
2025-07-21,Beleza_Saude,Google_Ads,769.22,9.3,5191.11
2025-07-21,Moda,Meta_Ads,858.66,11.15,5215.14
2025-07-21,Moda,Organico,0.0,5.89,3157.93
2025-07-22,Eletronicos,Organico,0.0,13.26,3595.85
2025-07-22,Moda,Organico,0.0,13.76,2261.21
2025-07-22,Eletronicos,Email_Marketing,150.72,15.48,4873.32
2025-07-22,Beleza_Saude,Meta_Ads,510.66,8.59,4999.48
2025-07-22,Casa_Decoracao,Meta_Ads,497.63,17.93,4159.72
2025-07-22,Beleza_Saude,Google_Ads,1026.03,14.71,5869.94
2025-07-23,Eletronicos,Organico,0.0,5.73,4550.67
2025-07-23,Beleza_Saude,TikTok_Ads,553.59,14.78,3804.99
2025-07-23,Moda,TikTok_Ads,594.64,3.38,4257.55
2025-07-23,Casa_Decoracao,Meta_Ads,855.82,15.54,6156.45
2025-07-23,Eletronicos,TikTok_Ads,617.96,17.07,7259.38
2025-07-24,Casa_Decoracao,Email_Marketing,141.85,10.82,3022.34
2025-07-24,Eletronicos,TikTok_Ads,384.96,17.29,4729.57
2025-07-24,Moda,Email_Marketing,144.9,13.47,4170.01
2025-07-24,Beleza_Saude,Email_Marketing,149.6,16.68,3189.51
2025-07-24,Esportes,Organico,0.0,6.55,1835.25
2025-07-25,Eletronicos,Google_Ads,499.24,9.26,4901.07
2025-07-25,Casa_Decoracao,Email_Marketing,139.32,10.26,2757.5
2025-07-25,Casa_Decoracao,Meta_Ads,624.6,15.17,6043.14
2025-07-25,Casa_Decoracao,Organico,0.0,12.03,2752.03
2025-07-25,Moda,Google_Ads,552.84,11.24,4572.28
2025-07-25,Eletronicos,Meta_Ads,804.69,20.76,6523.58
2025-07-26,Esportes,TikTok_Ads,570.42,8.4,4888.71
2025-07-26,Esportes,Google_Ads,598.36,12.86,3148.83
2025-07-26,Beleza_Saude,Email_Marketing,194.0,12.0,2266.51
2025-07-26,Eletronicos,Google_Ads,925.75,20.16,6746.83
2025-07-27,Beleza_Saude,Meta_Ads,597.4,10.67,4023.84
2025-07-27,Eletronicos,Meta_Ads,526.8,10.86,6108.02
2025-07-27,Casa_Decoracao,Email_Marketing,138.14,17.79,3434.55
2025-07-27,Beleza_Saude,Meta_Ads,391.49,14.62,4117.44
2025-07-27,Moda,Email_Marketing,133.7,4.52,3257.87
2025-07-28,Eletronicos,Meta_Ads,648.75,11.55,6124.77
2025-07-28,Casa_Decoracao,Meta_Ads,562.92,8.46,4473.28
2025-07-28,Esportes,TikTok_Ads,627.28,15.12,3700.18
2025-07-28,Casa_Decoracao,Google_Ads,714.17,8.81,3949.64
2025-07-28,Beleza_Saude,Google_Ads,855.06,11.52,7096.83
2025-07-28,Beleza_Saude,Organico,0.0,8.12,1913.93
2025-07-29,Moda,Email_Marketing,133.07,3.97,3486.78
2025-07-29,Moda,Google_Ads,567.4,19.03,4576.61
2025-07-29,Beleza_Saude,Meta_Ads,1132.55,19.34,5958.8
2025-07-29,Moda,Organico,0.0,15.77,3302.86
2025-07-29,Beleza_Saude,Meta_Ads,721.88,18.26,5038.8
2025-07-30,Eletronicos,Google_Ads,1267.73,15.45,9515.11
2025-07-30,Eletronicos,Organico,0.0,15.41,4165.5
2025-07-30,Esportes,Organico,0.0,11.33,2754.01
2025-07-30,Eletronicos,Organico,0.0,11.25,3091.07
2025-07-30,Esportes,Organico,0.0,8.41,2195.64
2025-07-31,Eletronicos,Organico,0.0,11.94,4326.61
2025-07-31,Moda,Google_Ads,668.09,13.66,6544.95
2025-07-31,Esportes,Google_Ads,749.06,21.5,5541.31
2025-07-31,Eletronicos,Organico,0.0,16.25,4046.1
2025-07-31,Eletronicos,Organico,0.0,14.07,3866.53
2025-08-01,Moda,Email_Marketing,105.56,13.07,3743.36
2025-08-01,Beleza_Saude,Meta_Ads,475.57,16.33,3559.88
2025-08-01,Moda,TikTok_Ads,589.83,10.58,4731.17
2025-08-01,Moda,Google_Ads,1028.49,20.94,5025.77
2025-08-02,Casa_Decoracao,TikTok_Ads,485.83,12.66,4206.25
2025-08-02,Moda,Email_Marketing,143.54,4.07,3456.07
2025-08-02,Beleza_Saude,Meta_Ads,755.24,14.47,5958.28
2025-08-02,Casa_Decoracao,Meta_Ads,682.75,14.39,5325.08
2025-08-02,Beleza_Saude,TikTok_Ads,585.94,4.11,3683.16
2025-08-03,Casa_Decoracao,TikTok_Ads,698.36,7.98,6496.1
2025-08-03,Eletronicos,Email_Marketing,165.78,14.64,5381.63
2025-08-03,Esportes,Organico,0.0,8.55,2399.18
2025-08-03,Casa_Decoracao,Google_Ads,710.9,22.47,3645.68
2025-08-03,Casa_Decoracao,Google_Ads,684.98,11.6,5236.73
2025-08-03,Beleza_Saude,Organico,0.0,11.77,2193.52
2025-08-04,Beleza_Saude,Meta_Ads,689.21,7.09,4617.69
2025-08-04,Beleza_Saude,Meta_Ads,465.01,17.46,3965.93
2025-08-04,Eletronicos,TikTok_Ads,359.92,11.56,5731.85
2025-08-04,Eletronicos,Google_Ads,655.11,2.03,6232.6
2025-08-04,Esportes,Organico,0.0,8.03,2524.37
2025-08-04,Moda,Organico,0.0,11.29,3511.34
2025-08-05,Beleza_Saude,Meta_Ads,592.79,13.53,4503.66
2025-08-05,Beleza_Saude,TikTok_Ads,746.57,8.02,5047.94
2025-08-05,Beleza_Saude,Google_Ads,714.37,4.83,6289.95
2025-08-05,Moda,TikTok_Ads,352.3,13.1,3134.55
2025-08-06,Beleza_Saude,Meta_Ads,585.15,9.07,4424.01
2025-08-06,Esportes,Meta_Ads,679.81,15.1,5059.56
2025-08-06,Esportes,Google_Ads,838.04,10.78,5613.88
2025-08-06,Casa_Decoracao,Meta_Ads,860.92,15.23,6529.32
2025-08-07,Beleza_Saude,TikTok_Ads,590.38,11.97,3827.51
2025-08-07,Eletronicos,Email_Marketing,81.5,8.22,3665.6
2025-08-07,Moda,Google_Ads,870.64,13.85,6516.64
2025-08-07,Esportes,Google_Ads,520.65,6.4,3837.56
2025-08-07,Moda,Organico,0.0,10.32,3000.86
2025-08-07,Casa_Decoracao,Email_Marketing,186.58,7.0,2722.61
2025-08-08,Beleza_Saude,Meta_Ads,672.0,13.0,3789.17
2025-08-08,Moda,Meta_Ads,313.96,6.37,4659.48
2025-08-08,Beleza_Saude,Google_Ads,1019.05,11.36,5723.88
2025-08-08,Esportes,Organico,0.0,11.06,2228.7
2025-08-08,Casa_Decoracao,Google_Ads,1141.99,5.82,7009.94
2025-08-09,Casa_Decoracao,Meta_Ads,800.79,7.63,5479.61
2025-08-09,Esportes,Meta_Ads,512.59,12.67,5005.02
2025-08-09,Casa_Decoracao,Google_Ads,956.31,13.11,7119.63
2025-08-09,Esportes,TikTok_Ads,636.02,20.99,5922.26
2025-08-09,Moda,Organico,0.0,16.67,3078.57
2025-08-10,Esportes,Meta_Ads,604.51,17.68,4066.95
2025-08-10,Beleza_Saude,Google_Ads,728.14,10.71,4497.48
2025-08-10,Beleza_Saude,TikTok_Ads,732.82,14.0,5306.06
2025-08-10,Esportes,TikTok_Ads,441.76,16.31,5537.7
2025-08-10,Eletronicos,Google_Ads,816.19,10.83,6940.46
2025-08-10,Beleza_Saude,Meta_Ads,597.67,11.99,4081.16
2025-08-11,Esportes,Meta_Ads,505.94,3.98,4623.25
2025-08-11,Casa_Decoracao,TikTok_Ads,534.37,14.02,3880.34
2025-08-11,Beleza_Saude,Google_Ads,715.55,3.64,4106.88
2025-08-11,Esportes,Meta_Ads,646.28,13.64,4359.24
2025-08-11,Eletronicos,Google_Ads,910.43,11.81,7176.24
2025-08-12,Esportes,Email_Marketing,186.83,9.85,2461.59
2025-08-12,Casa_Decoracao,Email_Marketing,121.09,10.26,3444.54
2025-08-12,Eletronicos,Meta_Ads,643.13,11.07,5200.89
2025-08-12,Beleza_Saude,Meta_Ads,777.64,8.74,4998.46
2025-08-13,Beleza_Saude,Organico,0.0,12.69,2121.48
2025-08-13,Casa_Decoracao,Meta_Ads,404.96,11.41,3442.8
2025-08-13,Moda,Organico,0.0,6.46,2964.19
2025-08-13,Eletronicos,Google_Ads,1133.58,8.37,6567.05
2025-08-14,Casa_Decoracao,Organico,0.0,5.14,2003.48
2025-08-14,Moda,Email_Marketing,111.0,12.43,3865.39
2025-08-14,Esportes,Email_Marketing,99.1,8.07,2269.29
2025-08-14,Eletronicos,Organico,0.0,7.89,3332.09
2025-08-14,Esportes,Email_Marketing,90.11,18.8,3792.33
2025-08-15,Casa_Decoracao,Meta_Ads,663.68,17.99,5333.7
2025-08-15,Beleza_Saude,Email_Marketing,201.23,9.75,2893.87
2025-08-15,Eletronicos,Google_Ads,1046.65,16.47,11077.62
2025-08-15,Eletronicos,TikTok_Ads,512.85,13.0,5563.83
2025-08-15,Eletronicos,Google_Ads,759.19,17.39,7075.42
2025-08-15,Beleza_Saude,TikTok_Ads,399.09,10.12,3658.87
2025-08-16,Casa_Decoracao,Meta_Ads,529.34,14.15,5570.41
2025-08-16,Eletronicos,Google_Ads,492.79,6.52,6346.04
2025-08-16,Moda,Meta_Ads,1064.3,14.88,7764.96
2025-08-16,Beleza_Saude,Email_Marketing,121.45,11.09,2442.72
2025-08-16,Esportes,Meta_Ads,731.63,16.65,5438.63
2025-08-16,Casa_Decoracao,Email_Marketing,179.83,11.86,3889.66
2025-08-17,Beleza_Saude,Meta_Ads,510.0,14.53,4306.99
2025-08-17,Moda,Email_Marketing,177.7,3.33,3456.37
2025-08-17,Moda,TikTok_Ads,550.44,7.06,5207.99
2025-08-17,Casa_Decoracao,Email_Marketing,63.86,11.36,3396.08
2025-08-18,Esportes,Email_Marketing,144.89,10.29,2815.98
2025-08-18,Esportes,TikTok_Ads,480.1,17.06,4216.09
2025-08-18,Beleza_Saude,Meta_Ads,1030.91,12.67,7120.31
2025-08-18,Beleza_Saude,Google_Ads,961.05,11.82,5335.92
2025-08-19,Esportes,TikTok_Ads,541.5,15.51,5440.69
2025-08-19,Esportes,Organico,0.0,9.57,2999.45
2025-08-19,Casa_Decoracao,Email_Marketing,113.43,5.29,3547.3
2025-08-19,Beleza_Saude,TikTok_Ads,649.6,14.16,4712.64
2025-08-19,Beleza_Saude,TikTok_Ads,445.18,13.41,4889.1
2025-08-19,Beleza_Saude,Meta_Ads,688.77,22.83,4437.9
2025-08-20,Eletronicos,TikTok_Ads,497.54,12.33,7382.15
2025-08-20,Casa_Decoracao,Meta_Ads,1039.75,14.66,5591.86
2025-08-20,Eletronicos,Google_Ads,690.24,13.41,7118.1
2025-08-20,Moda,TikTok_Ads,587.3,14.3,5169.03
2025-08-20,Esportes,Email_Marketing,126.14,14.01,3729.51
2025-08-20,Esportes,Meta_Ads,815.74,14.67,6412.36
2025-08-21,Eletronicos,Email_Marketing,136.09,19.32,5646.05
2025-08-21,Eletronicos,Organico,0.0,18.94,4767.64
2025-08-21,Esportes,TikTok_Ads,642.77,22.84,5960.95
2025-08-21,Casa_Decoracao,Google_Ads,372.62,13.61,3065.06
2025-08-21,Beleza_Saude,Email_Marketing,155.68,12.47,2593.84
2025-08-21,Esportes,TikTok_Ads,371.55,9.35,3559.94
2025-08-22,Esportes,Email_Marketing,145.06,16.57,3201.16
2025-08-22,Esportes,TikTok_Ads,445.92,3.01,3507.55
2025-08-22,Casa_Decoracao,Google_Ads,549.59,18.84,4524.74
2025-08-22,Casa_Decoracao,Google_Ads,860.08,10.28,6114.25
2025-08-23,Beleza_Saude,Google_Ads,943.63,11.7,5547.27
2025-08-23,Esportes,Email_Marketing,255.03,14.46,2781.19
2025-08-23,Moda,Email_Marketing,174.58,13.96,3023.21
2025-08-23,Eletronicos,Email_Marketing,160.83,14.65,5413.08
2025-08-23,Eletronicos,Organico,0.0,15.24,4958.5
2025-08-23,Casa_Decoracao,Organico,0.0,5.87,2430.13
2025-08-24,Eletronicos,Email_Marketing,148.16,14.51,5155.92
2025-08-24,Beleza_Saude,Google_Ads,1090.33,5.82,5188.26
2025-08-24,Casa_Decoracao,Organico,0.0,8.44,2071.48
2025-08-24,Beleza_Saude,Organico,0.0,10.2,1889.02
2025-08-24,Moda,TikTok_Ads,372.21,11.39,3347.13
2025-08-25,Esportes,Meta_Ads,626.1,13.32,4247.97
2025-08-25,Eletronicos,Meta_Ads,486.22,2.74,5055.56
2025-08-25,Casa_Decoracao,Organico,0.0,4.59,2757.98
2025-08-25,Eletronicos,TikTok_Ads,609.92,24.26,7791.45
2025-08-25,Moda,Email_Marketing,185.8,13.84,3628.93
2025-08-25,Beleza_Saude,Meta_Ads,788.48,18.24,5529.52
2025-08-26,Moda,Email_Marketing,157.09,10.75,3713.26
2025-08-26,Moda,Google_Ads,699.36,5.87,5686.89
2025-08-26,Casa_Decoracao,TikTok_Ads,747.42,10.55,4500.51
2025-08-26,Esportes,Meta_Ads,961.29,12.23,6880.29
2025-08-26,Casa_Decoracao,Meta_Ads,531.54,12.05,5528.14
2025-08-27,Beleza_Saude,Organico,0.0,13.46,2532.54
2025-08-27,Esportes,Meta_Ads,710.98,20.59,6569.71
2025-08-27,Moda,TikTok_Ads,347.84,11.15,4703.89
2025-08-27,Moda,Meta_Ads,496.83,4.16,4030.88
2025-08-27,Eletronicos,TikTok_Ads,485.6,0.0,4539.07
2025-08-28,Esportes,Email_Marketing,157.61,7.87,2503.04
2025-08-28,Eletronicos,Email_Marketing,112.22,10.88,4082.11
2025-08-28,Casa_Decoracao,Email_Marketing,249.55,13.05,3631.82
2025-08-28,Eletronicos,Organico,0.0,27.33,3759.93
2025-08-28,Beleza_Saude,Meta_Ads,573.02,17.0,4661.57
2025-08-29,Casa_Decoracao,Organico,0.0,15.98,1673.72
2025-08-29,Beleza_Saude,Email_Marketing,219.96,12.32,2680.79
2025-08-29,Esportes,Google_Ads,760.95,15.31,6197.43
2025-08-29,Moda,Google_Ads,780.95,15.01,5688.72
2025-08-29,Esportes,Google_Ads,898.33,13.03,6078.33
2025-08-30,Beleza_Saude,Organico,0.0,15.63,2793.03
2025-08-30,Eletronicos,Email_Marketing,190.34,14.83,5580.13
2025-08-30,Eletronicos,Google_Ads,583.67,4.49,6089.04
2025-08-30,Casa_Decoracao,Meta_Ads,661.16,9.28,5593.04
2025-08-30,Beleza_Saude,TikTok_Ads,267.14,9.33,2971.7
2025-08-31,Eletronicos,Email_Marketing,88.64,9.95,4541.94
2025-08-31,Casa_Decoracao,TikTok_Ads,698.84,6.76,5359.73
2025-08-31,Moda,Meta_Ads,893.19,7.93,6947.35
2025-08-31,Casa_Decoracao,TikTok_Ads,615.4,5.53,5488.63
2025-08-31,Esportes,TikTok_Ads,425.74,13.79,4671.73
2025-08-31,Casa_Decoracao,Email_Marketing,195.0,4.32,4010.87
2025-09-01,Esportes,Organico,0.0,9.2,2311.73
2025-09-01,Beleza_Saude,Meta_Ads,671.41,13.81,4807.93
2025-09-01,Esportes,Meta_Ads,555.52,2.18,3882.55
2025-09-01,Esportes,Google_Ads,605.51,14.33,5392.14
2025-09-01,Esportes,Google_Ads,987.71,15.78,6122.37
2025-09-01,Casa_Decoracao,Organico,0.0,8.26,1949.4
2025-09-02,Moda,Meta_Ads,811.18,10.26,3893.34
2025-09-02,Beleza_Saude,Organico,0.0,11.22,2165.74
2025-09-02,Eletronicos,Meta_Ads,548.04,13.09,6173.86
2025-09-02,Moda,TikTok_Ads,496.9,14.06,4503.34
2025-09-02,Casa_Decoracao,Organico,0.0,18.9,2896.37
2025-09-03,Casa_Decoracao,Email_Marketing,173.43,16.79,2689.15
2025-09-03,Esportes,Email_Marketing,177.35,17.67,3465.08
2025-09-03,Moda,TikTok_Ads,551.97,11.34,4605.58
2025-09-03,Moda,TikTok_Ads,598.19,14.92,4966.43
2025-09-03,Beleza_Saude,Organico,0.0,4.45,2081.01
2025-09-03,Beleza_Saude,TikTok_Ads,403.58,13.92,2693.26
2025-09-04,Beleza_Saude,Email_Marketing,184.26,9.11,2514.79
2025-09-04,Moda,Email_Marketing,143.93,12.05,3653.71
2025-09-04,Casa_Decoracao,Meta_Ads,888.37,17.56,7293.72
2025-09-04,Moda,Organico,0.0,10.53,3287.31
2025-09-04,Eletronicos,Meta_Ads,847.43,15.71,6728.71
2025-09-04,Beleza_Saude,Google_Ads,591.68,13.16,3898.36
2025-09-05,Beleza_Saude,Meta_Ads,640.76,18.0,5021.96
2025-09-05,Esportes,Email_Marketing,248.15,4.54,3261.8
2025-09-05,Esportes,Google_Ads,710.91,13.17,6456.03
2025-09-05,Moda,Email_Marketing,218.06,12.27,4198.71
2025-09-06,Eletronicos,Meta_Ads,654.35,13.14,6603.27
2025-09-06,Beleza_Saude,Organico,0.0,10.0,2208.39
2025-09-06,Eletronicos,Google_Ads,900.93,12.43,6544.24
2025-09-06,Beleza_Saude,Organico,0.0,14.55,2542.73
2025-09-06,Eletronicos,Google_Ads,1014.2,9.55,5544.05
2025-09-07,Eletronicos,Organico,0.0,12.1,3800.79
2025-09-07,Moda,Email_Marketing,146.56,14.76,3642.79
2025-09-07,Esportes,Organico,0.0,11.41,2913.85
2025-09-07,Moda,Google_Ads,799.74,23.12,5359.3
2025-09-08,Esportes,Email_Marketing,163.07,15.84,3338.0
2025-09-08,Beleza_Saude,TikTok_Ads,589.73,18.75,5246.67
2025-09-08,Casa_Decoracao,TikTok_Ads,479.94,6.39,5295.84
2025-09-08,Beleza_Saude,Email_Marketing,141.09,9.63,2028.97
2025-09-09,Esportes,Meta_Ads,705.0,15.55,3696.57
2025-09-09,Beleza_Saude,TikTok_Ads,457.89,17.21,3983.26
2025-09-09,Eletronicos,Email_Marketing,128.23,10.74,4543.66
2025-09-09,Beleza_Saude,TikTok_Ads,477.55,11.59,3942.88
2025-09-10,Esportes,TikTok_Ads,378.3,6.58,4293.86
2025-09-10,Casa_Decoracao,Meta_Ads,992.2,15.82,7192.48
2025-09-10,Eletronicos,TikTok_Ads,521.2,9.38,6560.07
2025-09-10,Esportes,Organico,0.0,9.91,1750.52
2025-09-10,Casa_Decoracao,TikTok_Ads,412.04,15.21,4510.64
2025-09-10,Beleza_Saude,Email_Marketing,151.91,12.85,2032.76
2025-09-11,Beleza_Saude,Google_Ads,725.49,8.98,3358.5
2025-09-11,Casa_Decoracao,TikTok_Ads,463.23,6.56,4229.28
2025-09-11,Casa_Decoracao,TikTok_Ads,381.11,12.52,3927.32
2025-09-11,Eletronicos,Organico,0.0,14.49,2951.2
2025-09-11,Moda,Google_Ads,547.02,12.28,4263.43
2025-09-12,Esportes,Google_Ads,768.23,17.26,4801.11
2025-09-12,Esportes,Organico,0.0,8.42,2147.69
2025-09-12,Eletronicos,Google_Ads,736.37,13.65,6039.21
2025-09-12,Beleza_Saude,Email_Marketing,154.31,12.64,3076.13
2025-09-12,Moda,TikTok_Ads,473.65,16.16,5044.94
2025-09-13,Eletronicos,Email_Marketing,162.16,3.68,4528.59
2025-09-13,Casa_Decoracao,TikTok_Ads,449.27,9.61,5142.8
2025-09-13,Casa_Decoracao,Meta_Ads,549.22,16.26,3993.95
2025-09-13,Esportes,Meta_Ads,815.67,11.89,5237.0
2025-09-14,Moda,Meta_Ads,400.28,22.9,4655.2
2025-09-14,Casa_Decoracao,TikTok_Ads,637.05,14.83,4607.2
2025-09-14,Esportes,Meta_Ads,679.63,13.86,4032.85
2025-09-14,Casa_Decoracao,Google_Ads,857.6,17.7,5355.56
2025-09-14,Eletronicos,Email_Marketing,142.11,6.45,4092.3
2025-09-15,Esportes,Email_Marketing,162.15,11.99,3413.9
2025-09-15,Eletronicos,Email_Marketing,92.99,10.98,3306.72
2025-09-15,Moda,Email_Marketing,160.02,5.11,3237.39
2025-09-15,Eletronicos,TikTok_Ads,525.8,10.04,3916.14
2025-09-15,Eletronicos,Email_Marketing,212.34,9.51,3602.96
2025-09-15,Eletronicos,TikTok_Ads,595.15,15.99,6102.98
2025-09-16,Esportes,Google_Ads,641.34,14.22,5091.95
2025-09-16,Beleza_Saude,Google_Ads,717.2,10.86,6450.54
2025-09-16,Beleza_Saude,Meta_Ads,628.01,0.99,3975.79
2025-09-16,Moda,Email_Marketing,108.93,7.4,3560.48
2025-09-16,Beleza_Saude,TikTok_Ads,611.36,7.78,4071.23
2025-09-17,Eletronicos,Google_Ads,660.37,8.32,8217.93
2025-09-17,Esportes,Meta_Ads,807.06,19.12,5874.07
2025-09-17,Casa_Decoracao,Email_Marketing,136.84,16.53,3772.82
2025-09-17,Esportes,Organico,0.0,8.43,1824.45
2025-09-18,Eletronicos,Meta_Ads,530.01,6.12,6359.04
2025-09-18,Esportes,Google_Ads,675.45,6.74,5376.63
2025-09-18,Moda,TikTok_Ads,426.63,10.42,2971.75
2025-09-18,Esportes,TikTok_Ads,618.32,16.1,4844.6
2025-09-18,Eletronicos,Email_Marketing,92.72,18.05,4064.4
2025-09-18,Esportes,Organico,0.0,23.56,2297.02
2025-09-19,Casa_Decoracao,Email_Marketing,177.83,19.56,2712.12
2025-09-19,Moda,TikTok_Ads,627.68,16.11,5932.86
2025-09-19,Esportes,Organico,0.0,11.54,1731.31
2025-09-19,Beleza_Saude,Google_Ads,785.54,7.04,4499.49
2025-09-20,Casa_Decoracao,Organico,0.0,9.2,2198.03
2025-09-20,Casa_Decoracao,Organico,0.0,13.15,2736.18
2025-09-20,Eletronicos,Email_Marketing,142.6,0.0,3933.42
2025-09-20,Beleza_Saude,Email_Marketing,105.61,22.28,2824.63
2025-09-20,Casa_Decoracao,Meta_Ads,770.43,15.18,5819.41
2025-09-21,Moda,Organico,0.0,2.1,2677.8
2025-09-21,Beleza_Saude,Email_Marketing,171.13,11.19,2606.28
2025-09-21,Eletronicos,Google_Ads,717.57,9.3,5979.35
2025-09-21,Esportes,Meta_Ads,678.25,23.54,4688.23
2025-09-22,Esportes,Google_Ads,453.8,16.66,4641.44
2025-09-22,Casa_Decoracao,TikTok_Ads,675.93,12.01,5935.87
2025-09-22,Esportes,Email_Marketing,114.61,2.46,2386.94
2025-09-22,Moda,TikTok_Ads,474.26,13.8,5627.99
2025-09-22,Esportes,Meta_Ads,702.34,23.29,5462.46
2025-09-22,Casa_Decoracao,Organico,0.0,13.69,2744.78
2025-09-23,Moda,Meta_Ads,772.03,4.48,4455.22
2025-09-23,Beleza_Saude,Organico,0.0,19.85,2054.47
2025-09-23,Beleza_Saude,Organico,0.0,10.17,2558.46
2025-09-23,Eletronicos,Organico,0.0,15.03,3590.28
2025-09-24,Esportes,Email_Marketing,222.9,11.65,3207.29
2025-09-24,Moda,Google_Ads,831.48,14.9,4789.18
2025-09-24,Eletronicos,Google_Ads,846.08,6.85,6965.76
2025-09-24,Beleza_Saude,Google_Ads,623.23,8.76,4629.05
2025-09-24,Eletronicos,Email_Marketing,126.85,6.51,5307.78
2025-09-24,Casa_Decoracao,Google_Ads,583.09,0.45,4832.63
2025-09-25,Moda,Meta_Ads,952.87,13.27,5366.39
2025-09-25,Esportes,Organico,0.0,14.95,2820.87
2025-09-25,Beleza_Saude,Meta_Ads,672.31,9.2,4059.7
2025-09-25,Casa_Decoracao,TikTok_Ads,485.43,4.49,4458.58
2025-09-26,Eletronicos,TikTok_Ads,499.05,17.78,7117.64
2025-09-26,Esportes,Google_Ads,863.22,11.6,5407.1
2025-09-26,Esportes,Organico,0.0,14.42,2344.27
2025-09-26,Esportes,Google_Ads,857.69,8.13,5880.63
2025-09-26,Beleza_Saude,Google_Ads,661.96,15.86,4607.38
2025-09-27,Beleza_Saude,TikTok_Ads,709.23,17.72,5355.56
2025-09-27,Casa_Decoracao,Google_Ads,650.16,8.47,5791.86
2025-09-27,Esportes,Google_Ads,881.67,12.26,5702.31
2025-09-27,Casa_Decoracao,Organico,0.0,6.73,2516.31
2025-09-27,Casa_Decoracao,Meta_Ads,668.14,5.77,4750.02
2025-09-27,Eletronicos,Google_Ads,1257.3,7.82,8694.56
2025-09-28,Casa_Decoracao,Email_Marketing,72.11,9.72,2523.46
2025-09-28,Beleza_Saude,Meta_Ads,493.13,10.12,3678.56
2025-09-28,Moda,TikTok_Ads,609.12,8.42,5419.34
2025-09-28,Moda,Organico,0.0,4.49,2562.48
2025-09-28,Moda,TikTok_Ads,486.24,13.33,4585.28
2025-09-29,Beleza_Saude,Organico,0.0,12.94,2552.75
2025-09-29,Eletronicos,Google_Ads,867.14,18.63,5557.88
2025-09-29,Eletronicos,Email_Marketing,138.17,14.05,4982.94
2025-09-29,Casa_Decoracao,Google_Ads,796.47,3.69,5161.21
2025-09-30,Moda,Organico,0.0,18.61,2786.89
2025-09-30,Beleza_Saude,Email_Marketing,228.24,12.27,2551.13
2025-09-30,Beleza_Saude,Organico,0.0,6.44,2126.38
2025-09-30,Beleza_Saude,Meta_Ads,726.13,13.34,4163.18
2025-09-30,Eletronicos,Google_Ads,549.1,14.1,6745.92
2025-10-01,Beleza_Saude,Google_Ads,702.21,13.65,4627.6
2025-10-01,Beleza_Saude,TikTok_Ads,367.07,11.07,3712.14
2025-10-01,Beleza_Saude,Meta_Ads,304.78,13.96,3933.49
2025-10-01,Casa_Decoracao,Meta_Ads,591.95,10.3,4222.35
2025-10-01,Esportes,Email_Marketing,144.29,9.21,3538.5
2025-10-02,Beleza_Saude,Google_Ads,716.74,11.33,4686.4
2025-10-02,Beleza_Saude,Email_Marketing,115.7,7.56,3022.32
2025-10-02,Beleza_Saude,Meta_Ads,352.92,20.09,3544.92
2025-10-02,Beleza_Saude,TikTok_Ads,403.44,15.7,4698.95
2025-10-03,Casa_Decoracao,Organico,0.0,13.71,2395.75
2025-10-03,Beleza_Saude,TikTok_Ads,675.32,14.9,5505.03
2025-10-03,Moda,Email_Marketing,129.84,16.12,3873.95
2025-10-03,Esportes,Email_Marketing,169.48,10.59,3097.54
2025-10-04,Eletronicos,TikTok_Ads,535.78,7.78,5171.77
2025-10-04,Moda,Organico,0.0,11.61,3296.91
2025-10-04,Casa_Decoracao,Email_Marketing,206.49,8.37,4337.38
2025-10-04,Moda,Email_Marketing,112.32,17.42,3046.55
2025-10-05,Casa_Decoracao,Meta_Ads,638.42,13.84,6547.58
2025-10-05,Moda,Meta_Ads,540.82,9.07,5420.09
2025-10-05,Moda,Organico,0.0,12.89,2162.85
2025-10-05,Moda,Google_Ads,878.08,9.38,6533.57
2025-10-05,Moda,Meta_Ads,429.11,4.62,4126.09
2025-10-05,Eletronicos,Email_Marketing,211.96,5.14,4407.94
2025-10-06,Eletronicos,Organico,0.0,9.3,4495.21
2025-10-06,Esportes,Meta_Ads,698.97,5.57,5297.1
2025-10-06,Beleza_Saude,Meta_Ads,873.11,11.3,5450.09
2025-10-06,Moda,Meta_Ads,667.51,5.91,5325.51
2025-10-07,Beleza_Saude,TikTok_Ads,584.79,13.7,5753.73
2025-10-07,Moda,Organico,0.0,20.52,2623.0
2025-10-07,Moda,Email_Marketing,129.65,0.0,2968.16
2025-10-07,Casa_Decoracao,TikTok_Ads,495.56,14.17,4128.73
2025-10-08,Eletronicos,TikTok_Ads,526.82,3.63,5807.99
2025-10-08,Casa_Decoracao,Meta_Ads,756.56,11.1,5958.41
2025-10-08,Moda,Google_Ads,962.64,13.38,8295.19
2025-10-08,Beleza_Saude,Email_Marketing,200.77,15.14,3220.11
2025-10-08,Beleza_Saude,TikTok_Ads,467.95,8.76,4405.04
2025-10-09,Esportes,Organico,0.0,9.23,1935.69
2025-10-09,Eletronicos,Organico,0.0,16.09,4169.34
2025-10-09,Moda,Email_Marketing,175.33,5.98,4176.2
2025-10-09,Esportes,Organico,0.0,14.38,2398.22
2025-10-09,Esportes,Email_Marketing,129.75,14.16,3198.21
2025-10-10,Esportes,Google_Ads,541.01,19.29,5465.86
2025-10-10,Moda,Google_Ads,1180.18,4.06,6085.09
2025-10-10,Moda,Email_Marketing,205.95,2.61,2637.24
2025-10-10,Casa_Decoracao,Organico,0.0,12.96,3204.4
2025-10-10,Casa_Decoracao,TikTok_Ads,476.84,8.96,4487.93
2025-10-11,Beleza_Saude,Organico,0.0,7.93,2180.03
2025-10-11,Beleza_Saude,Email_Marketing,137.5,8.67,2327.55
2025-10-11,Esportes,Email_Marketing,203.44,6.0,2991.48
2025-10-11,Moda,Google_Ads,1023.58,16.05,7128.93
2025-10-11,Casa_Decoracao,Google_Ads,675.27,11.91,4243.19
2025-10-11,Moda,Email_Marketing,139.31,10.5,3284.83
2025-10-12,Casa_Decoracao,Meta_Ads,521.95,8.53,4052.08
2025-10-12,Casa_Decoracao,Email_Marketing,204.58,20.41,3400.76
2025-10-12,Casa_Decoracao,Organico,0.0,15.66,2662.34
2025-10-12,Moda,Google_Ads,833.81,11.7,5166.92
2025-10-13,Casa_Decoracao,Organico,0.0,9.04,2421.31
2025-10-13,Casa_Decoracao,Meta_Ads,514.75,7.38,5562.1
2025-10-13,Esportes,Google_Ads,959.95,19.49,7323.14
2025-10-13,Esportes,Email_Marketing,127.45,4.3,2574.76
2025-10-13,Beleza_Saude,TikTok_Ads,511.48,17.72,4268.57
2025-10-13,Eletronicos,Email_Marketing,261.24,9.84,5377.56
2025-10-14,Beleza_Saude,Email_Marketing,127.55,8.41,3741.38
2025-10-14,Casa_Decoracao,Email_Marketing,160.5,4.9,2678.04
2025-10-14,Esportes,Email_Marketing,165.47,8.35,2700.39
2025-10-14,Moda,Email_Marketing,186.97,16.49,3370.39
2025-10-14,Casa_Decoracao,Organico,0.0,8.45,3162.21
2025-10-15,Eletronicos,Organico,0.0,1.92,4130.89
2025-10-15,Casa_Decoracao,Meta_Ads,692.55,11.03,6129.49
2025-10-15,Moda,TikTok_Ads,327.02,9.02,3535.84
2025-10-15,Beleza_Saude,Organico,0.0,12.34,2400.93
2025-10-15,Eletronicos,Google_Ads,730.61,7.61,8263.16
2025-10-15,Casa_Decoracao,Google_Ads,1282.33,12.72,6572.12
2025-10-16,Beleza_Saude,Meta_Ads,509.57,12.06,4181.57
2025-10-16,Esportes,Email_Marketing,126.7,10.15,2758.49
2025-10-16,Beleza_Saude,Google_Ads,961.97,11.26,6558.13
2025-10-16,Moda,TikTok_Ads,573.23,14.86,6192.92
2025-10-16,Beleza_Saude,Meta_Ads,468.1,9.63,5000.37
2025-10-16,Esportes,Google_Ads,748.54,0.0,4721.61
2025-10-17,Eletronicos,Meta_Ads,768.72,23.1,6231.73
2025-10-17,Esportes,Email_Marketing,193.65,16.38,3159.24
2025-10-17,Eletronicos,Organico,0.0,8.92,3557.53
2025-10-17,Moda,Organico,0.0,16.14,3346.03
2025-10-17,Beleza_Saude,Organico,0.0,10.86,2349.97
2025-10-17,Casa_Decoracao,Google_Ads,820.49,11.52,5946.11
2025-10-18,Beleza_Saude,Email_Marketing,124.74,7.41,2388.85
2025-10-18,Eletronicos,Google_Ads,899.82,10.86,8136.32
2025-10-18,Eletronicos,TikTok_Ads,359.77,15.48,5830.82
2025-10-18,Beleza_Saude,Google_Ads,498.44,19.53,4514.06
2025-10-18,Beleza_Saude,Meta_Ads,774.38,17.78,6096.8
2025-10-18,Moda,Email_Marketing,145.27,15.63,2556.47
2025-10-19,Beleza_Saude,Email_Marketing,159.33,6.48,2434.74
2025-10-19,Eletronicos,Meta_Ads,613.37,5.41,5673.16
2025-10-19,Esportes,Meta_Ads,475.63,19.13,4099.96
2025-10-19,Beleza_Saude,Google_Ads,610.64,15.37,4191.74
2025-10-19,Eletronicos,TikTok_Ads,362.19,16.44,5245.33
2025-10-19,Moda,Organico,0.0,11.92,2949.25
2025-10-20,Esportes,Email_Marketing,157.39,9.51,3523.41
2025-10-20,Moda,TikTok_Ads,482.49,17.23,4289.07
2025-10-20,Eletronicos,TikTok_Ads,401.99,3.68,4881.85
2025-10-20,Moda,TikTok_Ads,470.92,12.39,5159.99
2025-10-20,Moda,Google_Ads,924.96,17.68,5693.07
2025-10-20,Casa_Decoracao,Email_Marketing,151.16,7.0,3241.69
2025-10-21,Esportes,TikTok_Ads,601.94,7.65,4082.7
2025-10-21,Casa_Decoracao,Google_Ads,803.45,18.07,5462.51
2025-10-21,Casa_Decoracao,TikTok_Ads,321.07,13.99,3856.18
2025-10-21,Casa_Decoracao,TikTok_Ads,431.12,10.13,3604.83
2025-10-22,Moda,TikTok_Ads,517.68,11.37,6137.29
2025-10-22,Eletronicos,Google_Ads,610.64,20.88,6656.21
2025-10-22,Beleza_Saude,Meta_Ads,351.72,11.1,4064.3
2025-10-22,Casa_Decoracao,Email_Marketing,136.31,4.63,2883.98
2025-10-23,Beleza_Saude,TikTok_Ads,628.13,15.53,4140.34
2025-10-23,Eletronicos,Meta_Ads,511.73,16.15,4590.12
2025-10-23,Esportes,Organico,0.0,15.46,1617.49
2025-10-23,Beleza_Saude,TikTok_Ads,501.95,2.11,3199.56
2025-10-24,Casa_Decoracao,Google_Ads,959.34,15.59,6805.35
2025-10-24,Moda,TikTok_Ads,459.75,12.86,4231.98
2025-10-24,Casa_Decoracao,Google_Ads,802.56,6.16,4760.84
2025-10-24,Moda,TikTok_Ads,464.71,7.28,4173.45
2025-10-24,Esportes,Google_Ads,767.21,14.01,6111.95
2025-10-24,Esportes,Organico,0.0,18.68,2854.4
2025-10-25,Beleza_Saude,Meta_Ads,651.7,10.49,4855.58
2025-10-25,Beleza_Saude,Meta_Ads,533.56,10.91,4245.65
2025-10-25,Eletronicos,Google_Ads,925.9,8.63,7346.53
2025-10-25,Casa_Decoracao,TikTok_Ads,276.12,14.58,3534.45
2025-10-25,Beleza_Saude,Organico,0.0,13.76,1977.69
2025-10-26,Moda,TikTok_Ads,363.29,9.79,4823.01
2025-10-26,Beleza_Saude,TikTok_Ads,473.65,23.95,4247.64
2025-10-26,Casa_Decoracao,Email_Marketing,154.23,14.64,3599.59
2025-10-26,Eletronicos,TikTok_Ads,509.75,14.53,6181.62
2025-10-26,Beleza_Saude,Organico,0.0,6.76,2414.36
2025-10-27,Casa_Decoracao,Google_Ads,829.14,5.8,4708.12
2025-10-27,Esportes,Google_Ads,803.82,8.52,5139.24
2025-10-27,Esportes,Organico,0.0,11.38,2728.01
2025-10-27,Moda,Meta_Ads,523.13,14.74,4191.9
2025-10-27,Beleza_Saude,Email_Marketing,140.63,14.95,2830.1
2025-10-27,Beleza_Saude,Meta_Ads,803.12,15.34,5114.77
2025-10-28,Beleza_Saude,TikTok_Ads,363.96,11.99,3869.04
2025-10-28,Beleza_Saude,TikTok_Ads,651.94,10.34,3981.56
2025-10-28,Esportes,Organico,0.0,18.57,2398.38
2025-10-28,Esportes,TikTok_Ads,395.07,12.55,2954.99
2025-10-28,Beleza_Saude,Meta_Ads,614.47,17.89,5324.58
2025-10-29,Eletronicos,TikTok_Ads,482.02,9.02,6526.88
2025-10-29,Casa_Decoracao,TikTok_Ads,348.79,16.23,4048.13
2025-10-29,Casa_Decoracao,Organico,0.0,11.24,2309.88
2025-10-29,Beleza_Saude,TikTok_Ads,520.22,12.29,3359.04
2025-10-29,Eletronicos,Meta_Ads,595.7,14.87,7067.74
2025-10-29,Beleza_Saude,Organico,0.0,14.29,2371.14
2025-10-30,Esportes,Organico,0.0,9.8,2787.92
2025-10-30,Eletronicos,Google_Ads,651.75,19.69,6035.48
2025-10-30,Esportes,Meta_Ads,456.35,10.96,3773.09
2025-10-30,Beleza_Saude,TikTok_Ads,574.54,11.74,4814.86
2025-10-30,Esportes,Email_Marketing,139.09,8.67,2627.21
2025-10-31,Eletronicos,Email_Marketing,217.54,14.08,5033.05
2025-10-31,Moda,TikTok_Ads,487.55,10.21,4768.15
2025-10-31,Eletronicos,TikTok_Ads,465.53,10.38,6417.76
2025-10-31,Casa_Decoracao,Meta_Ads,502.54,10.75,3970.51
2025-10-31,Esportes,Google_Ads,823.52,16.27,5929.04
2025-10-31,Beleza_Saude,Meta_Ads,614.1,16.7,5294.22
2025-11-01,Beleza_Saude,Email_Marketing,133.58,7.5,3991.89
2025-11-01,Eletronicos,Organico,0.0,14.48,4993.07
2025-11-01,Casa_Decoracao,Meta_Ads,584.96,21.45,6600.23
2025-11-01,Esportes,TikTok_Ads,400.14,17.85,4766.12
2025-11-02,Beleza_Saude,TikTok_Ads,542.37,20.37,5696.08
2025-11-02,Esportes,Email_Marketing,140.07,15.32,3768.1
2025-11-02,Beleza_Saude,Email_Marketing,123.17,9.78,4247.12
2025-11-02,Casa_Decoracao,TikTok_Ads,278.97,7.76,6083.15
2025-11-02,Moda,Organico,0.0,11.36,4964.33
2025-11-02,Beleza_Saude,Email_Marketing,221.62,16.0,5187.96
2025-11-03,Moda,Email_Marketing,209.61,18.93,4855.48
2025-11-03,Esportes,TikTok_Ads,147.71,10.94,3949.84
2025-11-03,Esportes,Meta_Ads,609.41,14.64,7552.55
2025-11-03,Esportes,Meta_Ads,810.92,14.23,5643.23
2025-11-04,Beleza_Saude,TikTok_Ads,489.68,10.53,6214.79
2025-11-04,Moda,Meta_Ads,560.02,9.98,7407.68
2025-11-04,Esportes,Meta_Ads,814.37,16.6,7545.88
2025-11-04,Moda,Email_Marketing,102.59,10.55,4604.04
2025-11-04,Moda,Email_Marketing,108.22,10.46,5410.18
2025-11-04,Eletronicos,Email_Marketing,155.53,9.3,6374.93
2025-11-05,Casa_Decoracao,Google_Ads,1009.14,5.63,9793.84
2025-11-05,Eletronicos,TikTok_Ads,401.34,13.61,7261.42
2025-11-05,Eletronicos,Meta_Ads,833.17,11.04,8871.71
2025-11-05,Moda,TikTok_Ads,674.89,10.6,8127.6
2025-11-06,Esportes,Email_Marketing,156.25,21.93,2878.26
2025-11-06,Casa_Decoracao,Organico,0.0,9.99,4020.03
2025-11-06,Casa_Decoracao,Google_Ads,975.13,7.67,9786.95
2025-11-06,Esportes,TikTok_Ads,449.59,18.06,5013.97
2025-11-06,Beleza_Saude,TikTok_Ads,484.59,9.55,6509.03
2025-11-07,Casa_Decoracao,Meta_Ads,565.05,13.06,6194.2
2025-11-07,Eletronicos,TikTok_Ads,456.29,12.13,8331.21
2025-11-07,Casa_Decoracao,Organico,0.0,12.1,2783.66
2025-11-07,Moda,Organico,0.0,12.91,4684.75
2025-11-08,Esportes,Email_Marketing,150.01,6.65,3774.7
2025-11-08,Eletronicos,Google_Ads,441.41,14.34,8486.59
2025-11-08,Moda,Email_Marketing,131.75,8.61,4170.14
2025-11-08,Moda,Email_Marketing,173.05,4.03,4449.12
2025-11-08,Beleza_Saude,Organico,0.0,15.84,3057.11
2025-11-08,Beleza_Saude,Google_Ads,909.35,18.25,9764.31
2025-11-09,Eletronicos,TikTok_Ads,372.24,14.55,8062.53
2025-11-09,Esportes,TikTok_Ads,383.2,13.98,7066.83
2025-11-09,Beleza_Saude,Organico,0.0,15.65,3629.13
2025-11-09,Casa_Decoracao,Email_Marketing,214.71,15.63,4833.52
2025-11-09,Esportes,Meta_Ads,718.67,10.66,8396.38
2025-11-09,Esportes,Organico,0.0,9.56,3553.6
2025-11-10,Esportes,Email_Marketing,193.91,12.03,4731.17
2025-11-10,Beleza_Saude,TikTok_Ads,339.24,11.14,4537.31
2025-11-10,Casa_Decoracao,Organico,0.0,5.09,3068.53
2025-11-10,Eletronicos,Email_Marketing,151.26,8.24,7355.99
2025-11-11,Eletronicos,Google_Ads,596.03,21.79,10414.58
2025-11-11,Esportes,Organico,0.0,14.28,3451.21
2025-11-11,Beleza_Saude,Meta_Ads,652.68,1.15,5332.11
2025-11-11,Eletronicos,TikTok_Ads,432.38,14.25,6017.11
2025-11-12,Moda,Google_Ads,695.77,2.19,7159.53
2025-11-12,Eletronicos,TikTok_Ads,545.46,6.47,9751.36
2025-11-12,Moda,Meta_Ads,846.3,14.34,6836.13
2025-11-12,Beleza_Saude,Google_Ads,747.58,15.62,7934.48
2025-11-12,Casa_Decoracao,Email_Marketing,123.79,9.24,3731.26
2025-11-13,Eletronicos,Meta_Ads,896.79,10.02,11037.18
2025-11-13,Moda,Google_Ads,998.35,19.55,9621.97
2025-11-13,Moda,Google_Ads,599.13,11.93,7834.3
2025-11-13,Moda,Email_Marketing,129.9,9.88,3591.93
2025-11-13,Eletronicos,Email_Marketing,113.32,14.22,7134.14
2025-11-14,Moda,TikTok_Ads,637.72,18.49,6759.1
2025-11-14,Casa_Decoracao,Meta_Ads,571.11,11.97,5275.95
2025-11-14,Casa_Decoracao,Email_Marketing,216.2,12.0,5323.46
2025-11-14,Moda,TikTok_Ads,380.31,15.56,6907.67
2025-11-14,Esportes,Google_Ads,988.17,21.52,8268.58
2025-11-14,Casa_Decoracao,Organico,0.0,7.77,3465.96
2025-11-15,Eletronicos,Organico,0.0,18.47,5577.1
2025-11-15,Beleza_Saude,Organico,0.0,10.33,2672.62
2025-11-15,Beleza_Saude,Email_Marketing,163.7,6.48,4199.91
2025-11-15,Casa_Decoracao,Meta_Ads,455.95,10.4,4666.99
2025-11-15,Moda,Email_Marketing,255.91,3.73,5154.18
2025-11-15,Moda,Google_Ads,1028.66,17.18,10972.25
2025-11-16,Beleza_Saude,Meta_Ads,598.45,6.23,6699.35
2025-11-16,Moda,TikTok_Ads,392.52,11.79,6649.38
2025-11-16,Beleza_Saude,Organico,0.0,13.46,3345.6
2025-11-16,Beleza_Saude,Email_Marketing,186.65,14.07,4829.22
2025-11-16,Casa_Decoracao,Email_Marketing,69.62,11.58,3991.41
2025-11-16,Beleza_Saude,Google_Ads,776.42,12.62,6810.63
2025-11-17,Casa_Decoracao,Meta_Ads,778.21,9.84,5942.14
2025-11-17,Esportes,Email_Marketing,157.23,16.47,4184.76
2025-11-17,Beleza_Saude,Organico,0.0,6.76,3347.61
2025-11-17,Eletronicos,Meta_Ads,494.78,13.53,9252.66
2025-11-18,Esportes,Organico,0.0,15.49,3180.83
2025-11-18,Beleza_Saude,Email_Marketing,158.43,12.25,3462.93
2025-11-18,Beleza_Saude,Google_Ads,986.03,12.38,7686.16
2025-11-18,Esportes,Organico,0.0,16.27,3596.63
2025-11-18,Moda,Meta_Ads,537.12,9.51,6783.39
2025-11-19,Casa_Decoracao,TikTok_Ads,568.15,12.9,6640.74
2025-11-19,Eletronicos,Meta_Ads,841.84,8.36,10852.2
2025-11-19,Moda,TikTok_Ads,399.11,13.39,6339.07
2025-11-19,Beleza_Saude,Google_Ads,841.5,10.07,7848.75
2025-11-19,Beleza_Saude,TikTok_Ads,549.69,4.85,6535.14
2025-11-20,Beleza_Saude,Email_Marketing,103.65,12.07,5004.3
2025-11-20,Beleza_Saude,Email_Marketing,178.5,0.78,2959.99
2025-11-20,Beleza_Saude,TikTok_Ads,337.65,3.22,4484.91
2025-11-20,Moda,Email_Marketing,158.58,5.54,4550.85
2025-11-20,Beleza_Saude,Meta_Ads,685.78,15.49,7047.33
2025-11-20,Eletronicos,Organico,0.0,11.81,4766.82
2025-11-21,Moda,Google_Ads,640.9,4.41,7803.13
2025-11-21,Esportes,TikTok_Ads,621.1,1.39,6401.26
2025-11-21,Beleza_Saude,Email_Marketing,169.38,11.97,4274.73
2025-11-21,Casa_Decoracao,TikTok_Ads,509.88,15.51,7890.98
2025-11-22,Moda,TikTok_Ads,596.32,9.44,7302.9
2025-11-22,Eletronicos,Organico,0.0,14.34,5065.9
2025-11-22,Casa_Decoracao,TikTok_Ads,450.85,15.55,5581.13
2025-11-22,Moda,Organico,0.0,12.72,3422.53
2025-11-22,Beleza_Saude,Meta_Ads,793.23,16.66,8621.25
2025-11-23,Casa_Decoracao,TikTok_Ads,538.25,18.48,7238.25
2025-11-23,Beleza_Saude,TikTok_Ads,373.94,3.38,5096.56
2025-11-23,Beleza_Saude,Meta_Ads,564.13,7.1,4816.39
2025-11-23,Esportes,Google_Ads,832.2,19.54,7580.07
2025-11-24,Beleza_Saude,Organico,0.0,4.64,2830.45
2025-11-24,Casa_Decoracao,Meta_Ads,570.32,12.06,5349.0
2025-11-24,Beleza_Saude,TikTok_Ads,335.99,11.89,4325.62
2025-11-24,Casa_Decoracao,TikTok_Ads,668.26,9.25,5922.39
2025-11-25,Esportes,TikTok_Ads,517.39,13.94,7804.5
2025-11-25,Beleza_Saude,Email_Marketing,153.74,17.41,3169.62
2025-11-25,Beleza_Saude,TikTok_Ads,410.44,14.2,5719.7
2025-11-25,Beleza_Saude,Google_Ads,656.66,16.78,6607.21
2025-11-25,Esportes,Meta_Ads,618.99,11.61,7941.7
2025-11-26,Eletronicos,Email_Marketing,190.84,13.32,6676.32
2025-11-26,Esportes,Meta_Ads,477.94,1.09,5621.77
2025-11-26,Beleza_Saude,TikTok_Ads,599.33,11.46,5776.85
2025-11-26,Eletronicos,Email_Marketing,167.42,11.58,8133.88
2025-11-26,Beleza_Saude,Organico,0.0,16.8,3604.15
2025-11-26,Eletronicos,TikTok_Ads,338.73,15.31,7970.6
2025-11-27,Eletronicos,Organico,0.0,9.85,6099.32
2025-11-27,Moda,Organico,0.0,20.1,3208.92
2025-11-27,Casa_Decoracao,Google_Ads,673.37,4.6,8202.78
2025-11-27,Casa_Decoracao,TikTok_Ads,495.47,10.57,6521.85
2025-11-28,Moda,Meta_Ads,877.34,8.05,8577.88
2025-11-28,Beleza_Saude,Meta_Ads,571.13,10.74,6354.32
2025-11-28,Moda,Email_Marketing,189.74,13.46,5566.55
2025-11-28,Casa_Decoracao,TikTok_Ads,501.28,14.44,7300.17
2025-11-29,Casa_Decoracao,Email_Marketing,220.47,17.98,4640.33
2025-11-29,Esportes,TikTok_Ads,560.11,15.49,6147.51
2025-11-29,Esportes,Meta_Ads,761.1,14.27,8246.95
2025-11-29,Moda,Meta_Ads,482.61,18.38,7283.64
2025-11-30,Beleza_Saude,Email_Marketing,145.57,18.07,3487.79
2025-11-30,Esportes,TikTok_Ads,538.41,21.17,6929.92
2025-11-30,Esportes,Email_Marketing,203.31,16.99,3945.16
2025-11-30,Casa_Decoracao,TikTok_Ads,476.25,12.17,6204.95
2025-12-01,Beleza_Saude,Email_Marketing,184.36,12.32,4178.12
2025-12-01,Eletronicos,Meta_Ads,697.06,18.35,8008.09
2025-12-01,Moda,Google_Ads,1137.98,4.55,10149.21
2025-12-01,Esportes,TikTok_Ads,344.21,15.62,4112.51
2025-12-02,Eletronicos,Organico,0.0,11.95,6114.13
2025-12-02,Casa_Decoracao,Organico,0.0,12.44,3813.02
2025-12-02,Casa_Decoracao,TikTok_Ads,437.92,13.9,6391.02
2025-12-02,Moda,Organico,0.0,15.88,2709.94
2025-12-02,Moda,TikTok_Ads,260.58,6.83,5486.19
2025-12-02,Beleza_Saude,Organico,0.0,5.31,2993.38
2025-12-03,Esportes,Email_Marketing,153.76,8.93,3614.59
2025-12-03,Beleza_Saude,Email_Marketing,206.85,4.87,2806.92
2025-12-03,Eletronicos,Email_Marketing,106.77,4.3,6265.11
2025-12-03,Moda,TikTok_Ads,454.91,10.9,7509.3
2025-12-04,Beleza_Saude,Organico,0.0,10.04,2701.53
2025-12-04,Moda,TikTok_Ads,435.41,10.9,6980.79
2025-12-04,Eletronicos,Meta_Ads,583.76,7.88,8046.04
2025-12-04,Eletronicos,Organico,0.0,7.33,4154.78
2025-12-04,Eletronicos,Google_Ads,813.9,9.16,11158.17
2025-12-04,Esportes,Organico,0.0,9.29,4229.92
2025-12-05,Casa_Decoracao,Organico,0.0,7.93,3148.19
2025-12-05,Moda,Meta_Ads,454.98,14.2,6398.35
2025-12-05,Beleza_Saude,Google_Ads,923.46,7.08,8521.82
2025-12-05,Moda,Meta_Ads,673.52,9.26,9271.96
2025-12-05,Eletronicos,Google_Ads,822.54,9.37,10215.25
2025-12-05,Moda,Email_Marketing,114.51,11.12,6040.01
2025-12-06,Casa_Decoracao,Meta_Ads,362.44,15.7,5539.78
2025-12-06,Casa_Decoracao,Email_Marketing,222.9,11.78,4833.41
2025-12-06,Moda,Meta_Ads,623.41,5.87,5657.81
2025-12-06,Esportes,TikTok_Ads,430.72,6.93,5251.11
2025-12-06,Moda,Meta_Ads,784.25,9.95,8344.66
2025-12-06,Moda,TikTok_Ads,436.76,24.73,8336.43
2025-12-07,Casa_Decoracao,Email_Marketing,140.71,10.37,4789.13
2025-12-07,Moda,Meta_Ads,749.4,7.63,6459.1
2025-12-07,Moda,Organico,0.0,7.6,4453.98
2025-12-07,Moda,TikTok_Ads,517.92,16.63,5176.35
2025-12-07,Eletronicos,Google_Ads,854.68,13.3,12026.15
2025-12-08,Moda,Organico,0.0,13.87,4396.95
2025-12-08,Casa_Decoracao,Organico,0.0,11.41,3730.66
2025-12-08,Casa_Decoracao,Google_Ads,762.69,2.35,7033.74
2025-12-08,Beleza_Saude,Organico,0.0,9.14,2882.62
2025-12-09,Casa_Decoracao,Organico,0.0,20.98,2317.81
2025-12-09,Casa_Decoracao,Email_Marketing,158.05,5.58,4510.82
2025-12-09,Beleza_Saude,Meta_Ads,607.48,6.91,5480.45
2025-12-09,Casa_Decoracao,Organico,0.0,12.38,4137.38
2025-12-10,Casa_Decoracao,Meta_Ads,965.9,13.84,10215.0
2025-12-10,Eletronicos,Google_Ads,768.85,11.57,11221.28
2025-12-10,Casa_Decoracao,TikTok_Ads,707.85,18.51,6373.12
2025-12-10,Beleza_Saude,TikTok_Ads,491.63,13.39,5553.56
2025-12-10,Moda,Meta_Ads,713.03,16.1,9176.46
2025-12-10,Beleza_Saude,Organico,0.0,10.35,2483.72
2025-12-11,Moda,Google_Ads,888.83,17.6,8790.4
2025-12-11,Beleza_Saude,Google_Ads,906.53,5.8,8615.79
2025-12-11,Eletronicos,Meta_Ads,685.11,6.84,10397.27
2025-12-11,Beleza_Saude,Email_Marketing,103.45,0.63,3899.32
2025-12-11,Eletronicos,TikTok_Ads,548.17,5.94,8657.22
2025-12-12,Beleza_Saude,Email_Marketing,193.87,12.97,3287.01
2025-12-12,Casa_Decoracao,Organico,0.0,3.0,2571.4
2025-12-12,Beleza_Saude,Email_Marketing,132.97,8.42,3990.47
2025-12-12,Moda,Email_Marketing,149.3,22.5,4917.02
2025-12-13,Esportes,Google_Ads,140.12,8.23,3915.47
2025-12-13,Casa_Decoracao,Organico,0.0,12.49,2859.98
2025-12-13,Esportes,Google_Ads,570.4,12.87,5604.35
2025-12-13,Eletronicos,Google_Ads,761.84,25.23,8782.5
2025-12-13,Beleza_Saude,Organico,0.0,8.3,2253.45
2025-12-14,Esportes,Meta_Ads,679.17,21.24,7746.73
2025-12-14,Eletronicos,Meta_Ads,257.96,17.28,5561.47
2025-12-14,Esportes,Organico,0.0,8.13,4365.39
2025-12-14,Casa_Decoracao,Meta_Ads,883.93,8.29,7919.64
2025-12-14,Moda,Meta_Ads,689.75,16.32,7895.09
2025-12-15,Moda,TikTok_Ads,371.89,10.07,6734.0
2025-12-15,Casa_Decoracao,Organico,0.0,10.21,3994.5
2025-12-15,Casa_Decoracao,TikTok_Ads,406.83,11.44,5746.23
2025-12-15,Esportes,TikTok_Ads,475.79,24.32,5992.19
2025-12-16,Casa_Decoracao,Email_Marketing,172.01,19.94,3922.51
2025-12-16,Casa_Decoracao,Google_Ads,485.58,12.94,6602.08
2025-12-16,Moda,Google_Ads,944.06,8.19,6731.9
2025-12-16,Esportes,Organico,0.0,14.56,3230.66
2025-12-16,Eletronicos,Email_Marketing,69.52,8.65,6494.39
2025-12-17,Esportes,Organico,0.0,8.71,3422.1
2025-12-17,Casa_Decoracao,Meta_Ads,668.94,15.73,8245.9
2025-12-17,Moda,Meta_Ads,762.78,1.47,8942.38
2025-12-17,Eletronicos,Organico,0.0,9.59,5749.15
2025-12-17,Casa_Decoracao,TikTok_Ads,388.65,2.26,4744.46
2025-12-17,Esportes,TikTok_Ads,432.48,10.23,4788.05
2025-12-18,Esportes,Meta_Ads,468.23,7.44,5399.69
2025-12-18,Casa_Decoracao,Google_Ads,823.72,14.5,8588.99
2025-12-18,Eletronicos,Meta_Ads,651.64,6.65,9700.22
2025-12-18,Casa_Decoracao,TikTok_Ads,312.33,6.16,5105.62
2025-12-18,Moda,Google_Ads,959.29,15.14,9111.49
2025-12-19,Beleza_Saude,Organico,0.0,10.85,2932.96
2025-12-19,Casa_Decoracao,TikTok_Ads,502.3,7.48,4934.15
2025-12-19,Casa_Decoracao,Google_Ads,752.39,14.17,6362.41
2025-12-19,Casa_Decoracao,TikTok_Ads,428.18,11.27,5678.26
2025-12-20,Beleza_Saude,Organico,0.0,8.64,3237.55
2025-12-20,Beleza_Saude,Google_Ads,1323.08,16.14,8616.95
2025-12-20,Eletronicos,TikTok_Ads,421.39,10.66,6779.72
2025-12-20,Esportes,Meta_Ads,480.08,15.75,5568.01
2025-12-20,Esportes,TikTok_Ads,546.48,20.91,6043.1
2025-12-20,Casa_Decoracao,Meta_Ads,694.63,6.88,7481.91
2025-12-21,Esportes,Meta_Ads,861.26,13.07,7503.58
2025-12-21,Casa_Decoracao,Email_Marketing,179.21,4.87,3659.55
2025-12-21,Esportes,Organico,0.0,13.05,4071.13
2025-12-21,Esportes,Meta_Ads,709.11,14.55,6868.52
2025-12-22,Moda,Email_Marketing,142.74,2.75,3948.05
2025-12-22,Eletronicos,Meta_Ads,811.02,14.96,10666.19
2025-12-22,Beleza_Saude,Organico,0.0,8.9,3111.95
2025-12-22,Moda,Google_Ads,710.3,14.64,7942.23
2025-12-23,Eletronicos,Meta_Ads,492.19,12.39,8687.83
2025-12-23,Casa_Decoracao,TikTok_Ads,404.22,6.26,4581.55
2025-12-23,Casa_Decoracao,TikTok_Ads,350.13,13.79,7155.73
2025-12-23,Esportes,Organico,0.0,10.29,3446.27
2025-12-23,Eletronicos,Google_Ads,744.2,13.66,8795.18
2025-12-23,Moda,TikTok_Ads,414.96,11.09,6503.76
2025-12-24,Beleza_Saude,Google_Ads,1056.5,16.11,9815.55
2025-12-24,Eletronicos,Google_Ads,949.34,13.48,9654.02
2025-12-24,Esportes,Google_Ads,918.4,9.92,8355.11
2025-12-24,Moda,TikTok_Ads,409.01,10.28,6008.83
2025-12-24,Eletronicos,Email_Marketing,164.99,14.84,8275.92
2025-12-24,Moda,Organico,0.0,7.26,4418.03
2025-12-25,Casa_Decoracao,Email_Marketing,162.66,12.35,5758.3
2025-12-25,Esportes,Organico,0.0,8.78,3341.27
2025-12-25,Casa_Decoracao,Organico,0.0,8.66,5909.27
2025-12-25,Beleza_Saude,TikTok_Ads,627.33,16.31,5985.11
2025-12-25,Moda,Google_Ads,1113.92,17.5,13089.19
2025-12-26,Moda,Meta_Ads,496.61,13.62,6149.62
2025-12-26,Eletronicos,TikTok_Ads,759.07,21.52,10117.97
2025-12-26,Casa_Decoracao,Meta_Ads,967.74,19.44,8435.34
2025-12-26,Eletronicos,Email_Marketing,74.65,10.91,5404.87
2025-12-26,Eletronicos,Meta_Ads,683.56,12.45,9328.97
2025-12-26,Esportes,Google_Ads,904.74,5.94,8337.94
2025-12-27,Casa_Decoracao,Organico,0.0,1.55,3415.19
2025-12-27,Eletronicos,TikTok_Ads,613.94,16.82,9434.93
2025-12-27,Beleza_Saude,Google_Ads,991.55,14.18,8744.51
2025-12-27,Eletronicos,Meta_Ads,538.04,10.26,8050.12
2025-12-28,Moda,TikTok_Ads,679.97,7.16,7962.52
2025-12-28,Esportes,Organico,0.0,10.28,3648.98
2025-12-28,Eletronicos,Email_Marketing,104.71,20.15,9013.17
2025-12-28,Casa_Decoracao,TikTok_Ads,653.86,7.95,4477.95
2025-12-28,Esportes,Email_Marketing,167.9,5.53,3850.23
2025-12-28,Casa_Decoracao,TikTok_Ads,690.35,20.12,9519.48
2025-12-29,Casa_Decoracao,Email_Marketing,128.0,8.76,4280.25
2025-12-29,Moda,Organico,0.0,18.91,4958.96
2025-12-29,Beleza_Saude,Meta_Ads,842.05,9.53,6391.41
2025-12-29,Esportes,Meta_Ads,663.33,11.25,6208.32
2025-12-29,Beleza_Saude,TikTok_Ads,353.03,11.79,4697.21
2025-12-30,Casa_Decoracao,TikTok_Ads,586.04,8.36,5346.28
2025-12-30,Beleza_Saude,Organico,0.0,17.34,3064.66
2025-12-30,Casa_Decoracao,Email_Marketing,208.7,14.74,4488.38
2025-12-30,Casa_Decoracao,Meta_Ads,838.51,14.23,6972.3
